eta_date,precipitation_sum_mm,wind_speed_10m_max_kmh,wind_gusts_10m_max_kmh,temperature_2m_max_c,temperature_2m_min_c,fx_volatility_7d,road_load_index,precip_heavy_flag,wind_strong_flag,gusts_extreme_flag,freeze_flag,heat_flag,risk_score
2025-07-16,5.24,0.3,4.3,17.1,15.3,0.045,0.82,0,0,0,0,0,9.6
2025-01-30,6.97,15.9,23.9,12.1,5.3,0.0391,0.905,0,0,0,0,0,13.5
2025-02-18,4.78,36.0,43.6,33.3,24.1,0.0317,0.808,0,0,0,0,0,15.6
2025-11-23,3.75,22.0,35.7,4.8,-4.2,0.0326,0.619,0,0,0,1,0,17.0
2025-11-11,6.77,13.5,26.8,8.6,-4.5,0.1083,0.922,0,0,0,1,0,20.8
2025-01-26,8.74,21.0,24.5,20.7,9.0,0.0221,0.553,0,0,0,0,0,11.1
2025-09-18,13.11,23.2,30.7,21.7,18.5,0.0298,0.375,0,0,0,0,0,11.4
2025-10-11,2.41,19.6,24.1,12.0,5.8,0.1209,0.637,0,0,0,0,0,13.1
2025-04-03,13.93,26.8,31.0,12.7,2.0,0.0258,0.772,0,0,0,0,0,15.1
2025-04-06,13.74,47.1,60.8,0.5,-12.8,0.0317,0.566,0,0,0,1,0,23.1
2025-01-05,25.53,63.7,89.7,5.3,-13.4,0.054,0.706,1,1,1,1,0,45.7
2025-01-11,4.83,10.1,10.8,-9.3,-13.3,0.0185,0.305,0,0,0,1,0,11.1
2025-09-16,40.77,89.9,117.9,-7.7,-20.7,0.023,0.882,1,1,1,1,0,54.3
2025-02-18,10.43,29.5,42.0,26.9,15.9,0.0479,0.18,0,0,0,0,0,11.2
2025-12-18,3.62,16.3,33.1,27.8,23.7,0.0329,0.842,0,0,0,0,0,12.8
2025-11-24,7.69,19.2,20.5,28.5,13.9,0.0564,0.258,0,0,0,0,0,8.9
2025-05-24,11.34,34.5,39.6,4.4,-2.8,0.0447,0.605,0,0,0,1,0,20.4
2025-05-29,0.76,21.2,47.8,0.9,-3.8,0.0197,0.389,0,0,0,1,0,14.9
2025-08-27,6.77,0.1,11.4,18.2,12.0,0.0466,0.715,0,0,0,0,0,9.6
2025-01-06,2.47,15.5,15.7,5.7,2.0,0.0598,0.455,0,0,0,0,0,8.8
2025-03-11,57.75,45.5,51.0,-0.9,-10.7,0.0349,0.336,1,0,0,1,0,33.7
2025-02-08,1.25,27.6,36.6,5.2,-1.0,0.0536,0.848,0,0,0,1,0,19.6
2025-05-07,0.35,37.6,40.9,18.2,5.3,0.0254,0.351,0,0,0,0,0,10.6
2025-12-30,11.92,12.7,20.6,22.0,13.2,0.0424,0.678,0,0,0,0,0,12.2
2025-02-13,23.99,81.0,95.8,27.9,14.4,0.0362,0.699,1,1,1,0,0,41.9
2025-05-25,8.05,21.6,23.4,17.5,6.8,0.0248,0.833,0,0,0,0,0,13.3
2025-02-08,0.0,18.8,23.5,17.9,12.4,0.0286,0.72,0,0,0,0,0,10.5
2025-03-07,22.35,89.7,114.6,0.1,-4.1,0.0453,0.924,1,1,1,1,0,51.2
2025-09-28,3.01,21.1,31.7,25.7,17.2,0.041,0.837,0,0,0,0,0,13.3
2025-04-14,17.14,29.8,49.3,-20.0,-25.4,0.007,0.602,0,0,0,1,0,20.7
2025-10-18,42.54,67.1,84.3,-20.2,-21.1,0.0467,0.227,1,1,1,1,0,45.1
2025-10-22,6.81,50.1,66.4,20.3,17.5,0.0131,0.806,0,1,0,0,0,23.8
2025-06-25,6.11,0.0,7.4,27.4,17.8,0.0306,0.449,0,0,0,0,0,6.4
2025-01-26,1.59,29.5,40.3,29.0,25.6,0.0062,0.712,0,0,0,0,0,12.4
2025-04-13,27.79,20.9,46.7,4.7,3.5,0.101,0.169,1,0,0,0,0,19.9
2025-01-22,9.69,52.6,64.1,1.3,-1.1,0.0253,0.716,0,1,0,1,0,29.3
2025-12-31,0.0,4.7,15.1,12.4,5.2,0.0284,0.743,0,0,0,0,0,8.6
2025-09-20,0.0,33.0,48.2,19.6,11.7,0.0473,0.799,0,0,0,0,0,15.0
2025-06-27,50.2,41.9,49.3,-0.0,-16.5,0.0662,0.871,1,0,0,1,0,37.0
2025-04-11,45.39,57.6,71.4,20.7,9.9,0.0249,0.956,1,1,0,0,0,38.7
2025-05-22,1.94,14.8,20.3,25.3,19.4,0.0637,0.241,0,0,0,0,0,7.3
2025-12-24,6.26,27.0,38.3,21.1,14.1,0.0,0.535,0,0,0,0,0,11.4
2025-01-26,33.95,40.0,59.3,1.5,-8.6,0.0364,0.334,1,0,0,1,0,28.8
2025-04-03,11.39,18.2,23.2,9.1,0.1,0.0199,0.208,0,0,0,0,0,8.3
2025-08-15,8.69,15.1,17.8,13.0,6.3,0.0216,0.87,0,0,0,0,0,12.6
2025-07-30,0.0,20.0,33.2,28.8,13.4,0.0469,0.571,0,0,0,0,0,10.6
2025-07-12,11.05,16.4,20.9,14.6,6.9,0.0337,0.87,0,0,0,0,0,13.8
2025-03-16,22.2,85.1,97.5,3.0,-13.1,0.102,0.311,1,1,1,1,0,46.0
2025-11-12,26.04,90.9,126.2,0.7,-8.1,0.0549,0.438,1,1,1,1,0,49.1
2025-01-17,8.25,21.6,25.3,19.4,19.0,0.0244,0.736,0,0,0,0,0,12.6
2025-10-31,6.84,15.8,21.2,29.6,29.3,0.0346,0.632,0,0,0,0,0,10.9
2025-09-11,10.89,20.3,27.7,20.2,15.4,0.0552,0.683,0,0,0,0,0,13.7
2025-02-15,5.75,25.3,39.3,12.7,6.7,0.0959,0.269,0,0,0,0,0,11.7
2025-03-11,21.79,56.0,65.3,-2.3,-10.8,0.0447,0.768,1,1,0,1,0,37.4
2025-08-17,21.65,56.1,72.7,12.3,8.2,0.048,0.383,1,1,0,0,0,29.6
2025-11-22,32.11,55.7,91.5,13.2,9.2,0.0306,0.785,1,1,1,0,0,41.2
2025-01-07,21.36,39.1,64.4,-5.2,-17.5,0.0182,0.42,1,0,0,1,0,26.6
2025-12-28,31.93,41.5,46.1,20.9,2.0,0.0319,0.652,1,0,0,0,0,24.9
2025-03-20,7.76,5.5,13.3,10.0,-3.5,0.0434,0.352,0,0,0,1,0,12.6
2025-06-30,0.0,14.2,20.6,27.7,24.5,0.0511,0.37,0,0,0,0,0,7.6
2025-06-27,6.75,48.0,69.1,-7.5,-23.9,0.0248,0.856,0,0,0,1,0,24.5
2025-07-10,0.0,2.6,6.9,23.9,19.1,0.0471,0.572,0,0,0,0,0,6.9
2025-07-24,5.8,23.7,32.2,19.2,9.6,0.01,0.896,0,0,0,0,0,13.8
2025-06-20,0.0,43.6,46.9,9.4,-3.3,0.0608,0.215,0,0,0,1,0,16.7
2025-07-13,5.57,23.8,35.5,19.2,16.9,0.0531,0.754,0,0,0,0,0,14.1
2025-09-15,50.13,76.3,86.2,-22.7,-27.1,0.0871,0.448,1,1,1,1,0,50.7
2025-06-27,6.36,23.1,27.5,1.4,-8.3,0.0296,0.75,0,0,0,1,0,18.1
2025-04-27,19.14,48.3,69.1,3.9,-8.2,0.0365,0.764,0,0,0,1,0,26.7
2025-03-01,0.0,63.3,81.8,24.8,19.2,0.0273,0.772,0,1,1,0,0,30.2
2025-03-25,8.24,23.0,25.7,28.8,21.5,0.0463,0.629,0,0,0,0,0,12.6
2025-12-15,6.72,19.3,31.4,13.8,13.5,0.0435,0.54,0,0,0,0,0,11.5
2025-03-01,2.17,16.8,21.5,13.2,2.7,0.0536,0.75,0,0,0,0,0,11.6
2025-04-29,0.68,23.1,27.1,35.9,19.8,0.064,0.794,0,0,0,0,1,16.1
2025-05-08,16.84,23.4,37.1,2.1,-4.2,0.0344,0.754,0,0,0,1,0,21.1
2025-12-20,6.26,35.6,38.3,3.6,-5.1,0.026,0.686,0,0,0,1,0,19.5
2025-09-21,25.57,79.3,99.7,1.9,-15.5,0.0061,0.541,1,1,1,1,0,45.3
2025-10-20,0.0,30.9,32.9,8.0,-4.3,0.0155,0.886,0,0,0,1,0,18.7
2025-03-24,59.31,53.4,62.5,-3.8,-34.3,0.0379,0.847,1,1,0,1,0,45.2
2025-04-23,16.37,10.8,11.0,2.0,0.3,0.0143,0.904,0,0,0,0,0,13.3
2025-08-12,31.07,45.4,63.7,9.6,-5.8,0.0899,0.813,1,0,0,1,0,34.6
2025-10-31,6.05,44.3,49.3,13.3,11.5,0.0206,0.27,0,0,0,0,0,12.3
2025-09-22,29.21,60.6,82.2,22.2,9.2,0.0334,0.403,1,1,1,0,0,37.3
2025-09-23,5.73,19.0,20.2,15.9,3.1,0.028,0.429,0,0,0,0,0,9.0
2025-03-07,4.89,22.8,32.1,17.7,9.3,0.0,0.709,0,0,0,0,0,11.6
2025-10-27,3.35,17.2,22.3,22.4,14.4,0.108,0.494,0,0,0,0,0,11.4
2025-07-10,8.55,54.7,77.1,0.8,-7.6,0.0718,0.518,0,1,0,1,0,29.9
2025-12-17,0.0,10.7,27.9,10.6,1.7,0.054,0.425,0,0,0,0,0,8.3
2025-04-16,21.87,67.8,74.3,11.2,-6.1,0.0302,0.464,1,1,0,1,0,36.4
2025-05-26,27.07,91.4,127.1,-1.7,-14.5,0.0168,0.629,1,1,1,1,0,50.0
2025-11-09,11.82,27.4,32.4,22.4,14.1,0.1045,0.374,0,0,0,0,0,13.8
2025-05-20,5.64,3.3,24.6,5.1,-0.2,0.0322,0.542,0,0,0,1,0,14.0
2025-09-30,22.22,63.6,81.7,-1.7,-12.6,0.0175,0.712,1,1,1,1,0,43.4
2025-11-23,11.22,25.2,41.4,19.5,12.6,0.0571,0.347,0,0,0,0,0,12.5
2025-01-02,0.0,8.2,14.2,14.5,11.1,0.0557,0.886,0,0,0,0,0,10.9
2025-10-15,0.0,6.1,12.4,21.2,17.6,0.038,0.691,0,0,0,0,0,8.4
2025-02-02,10.27,28.1,41.5,6.3,0.5,0.0618,0.598,0,0,0,0,0,14.9
2025-04-05,0.0,27.3,36.9,26.3,26.0,0.0381,0.613,0,0,0,0,0,11.8
2025-01-03,4.19,10.6,23.6,5.8,-3.0,0.0307,0.845,0,0,0,1,0,16.8
2025-07-26,50.95,47.7,67.6,6.9,-2.2,0.0234,0.436,1,0,0,1,0,34.2
2025-11-13,38.76,59.8,64.9,10.9,-0.1,0.0651,0.928,1,1,0,1,0,43.3
2025-07-09,55.07,58.8,79.3,-8.2,-18.9,0.0059,0.22,1,1,0,1,0,40.0
2025-07-25,6.28,17.1,28.8,17.8,-2.4,0.0947,0.522,0,0,0,1,0,17.5
2025-11-04,12.24,53.1,59.8,10.0,-2.8,0.0509,0.517,0,1,0,1,0,28.7
2025-06-30,13.82,82.7,100.3,0.7,-11.6,0.0751,0.701,0,1,1,1,0,42.5
2025-10-03,0.0,28.2,36.2,16.4,4.5,0.083,0.803,0,0,0,0,0,14.7
2025-04-10,32.02,54.0,71.2,21.6,10.1,0.0558,0.701,1,1,0,0,0,34.3
2025-04-19,17.83,35.9,57.4,-4.9,-10.9,0.0398,0.677,0,0,0,1,0,23.7
2025-03-20,4.29,17.5,30.2,27.7,25.0,0.0404,0.755,0,0,0,0,0,12.4
2025-09-08,8.09,7.8,20.3,10.8,5.0,0.0534,0.716,0,0,0,0,0,11.5
2025-01-12,9.78,31.7,42.5,5.8,3.9,0.0467,0.722,0,0,0,0,0,15.8
2025-02-13,0.0,31.9,42.2,14.0,5.7,0.0361,0.61,0,0,0,0,0,12.5
2025-06-24,5.51,7.2,17.9,19.4,14.3,0.0139,0.587,0,0,0,0,0,8.5
2025-07-04,0.0,27.7,35.7,4.1,0.2,0.063,0.712,0,0,0,0,0,13.3
2025-08-22,0.6,27.3,36.0,27.1,16.5,0.0678,0.647,0,0,0,0,0,13.0
2025-01-24,0.0,32.9,50.2,18.4,4.6,0.1301,0.509,0,0,0,0,0,15.1
2025-07-18,61.98,72.9,107.5,-4.0,-9.7,0.0324,0.579,1,1,1,1,0,53.9
2025-10-21,8.18,30.0,40.0,-2.9,-6.6,0.0324,0.753,0,0,0,1,0,20.2
2025-12-02,27.74,53.6,71.9,-2.8,-4.8,0.0603,0.688,1,1,0,1,0,38.7
2025-01-11,0.0,8.2,11.8,30.4,27.9,0.0535,0.502,0,0,0,0,0,7.5
2025-04-03,4.35,8.3,19.6,13.5,2.3,0.039,0.658,0,0,0,0,0,9.8
2025-03-19,5.94,24.4,40.9,16.2,8.9,0.0353,0.806,0,0,0,0,0,14.5
2025-07-26,19.87,83.0,96.3,12.8,12.3,0.0255,0.711,0,1,1,0,0,36.9
2025-10-12,9.15,3.9,19.2,10.4,-1.3,0.0413,0.413,0,0,0,1,0,13.6
2025-07-22,46.18,63.9,81.1,-10.3,-38.1,0.0029,0.35,1,1,1,1,0,45.0
2025-08-15,0.0,0.0,7.3,20.8,16.9,0.0295,0.649,0,0,0,0,0,6.8
2025-11-16,50.84,78.6,84.0,7.2,-11.5,0.0526,0.74,1,1,1,1,0,52.4
2025-06-02,6.34,20.3,34.3,19.7,15.2,0.04,0.868,0,0,0,0,0,14.3
2025-01-11,24.75,77.1,96.2,-6.0,-22.9,0.0131,0.924,1,1,1,1,0,48.1
2025-10-05,16.29,21.3,31.4,19.3,15.9,0.0307,0.618,0,0,0,0,0,14.0
2025-01-08,4.56,21.9,51.1,1.0,-9.2,0.0083,0.911,0,0,0,1,0,20.0
2025-01-19,4.19,17.8,26.8,23.1,12.5,0.0244,0.709,0,0,0,0,0,11.3
2025-01-13,10.11,20.2,27.6,14.8,1.3,0.0807,0.938,0,0,0,0,0,16.4
2025-01-15,0.0,16.4,26.1,17.7,9.7,0.033,0.671,0,0,0,0,0,10.2
2025-04-16,0.0,24.0,24.1,7.5,-4.4,0.0492,0.391,0,0,0,1,0,14.2
2025-09-23,16.02,37.8,63.2,-10.7,-27.5,0.0318,0.833,0,0,0,1,0,25.0
2025-04-15,40.45,42.6,45.1,35.2,22.2,0.0818,0.641,1,0,0,0,1,31.2
2025-12-31,56.98,80.1,95.9,-26.3,-35.7,0.0677,0.75,1,1,1,1,0,55.2
2025-03-02,10.19,18.3,26.7,24.1,22.4,0.0289,0.801,0,0,0,0,0,13.5
2025-03-06,0.0,11.5,19.0,18.6,5.8,0.0275,0.527,0,0,0,0,0,7.8
2025-04-23,29.56,21.3,31.4,8.0,0.2,0.0918,0.911,1,0,0,0,0,25.1
2025-08-24,11.26,18.5,32.9,21.3,16.3,0.0178,0.791,0,0,0,0,0,13.8
2025-12-20,1.05,37.5,45.7,30.6,19.3,0.0679,0.811,0,0,0,0,0,16.2
2025-07-18,14.37,28.3,33.7,31.9,30.4,0.0225,0.639,0,0,0,0,0,14.4
2025-09-11,10.9,17.3,19.5,16.5,4.9,0.0049,0.607,0,0,0,0,0,10.7
2025-02-14,9.4,37.4,64.5,-2.7,-12.8,0.0372,0.394,0,0,0,1,0,20.1
2025-02-17,4.73,11.1,28.7,30.5,16.9,0.115,0.409,0,0,0,0,0,11.0
2025-05-07,6.47,35.3,45.2,14.5,8.2,0.0221,0.224,0,0,0,0,0,10.8
2025-03-02,47.32,67.0,91.2,2.8,-11.0,0.0372,0.609,1,1,1,1,0,49.4
2025-02-17,15.65,66.4,81.4,15.5,14.3,0.0521,0.24,0,1,1,0,0,30.0
2025-10-13,0.0,15.2,27.7,23.6,17.4,0.0433,0.84,0,0,0,0,0,11.9
2025-03-01,44.2,63.0,77.3,-23.0,-28.2,0.1293,0.395,1,1,0,1,0,43.1
2025-12-29,11.81,31.9,39.5,35.5,33.1,0.0557,0.321,0,0,0,0,1,16.1
2025-07-07,19.25,32.7,46.8,-0.9,-19.3,0.0297,0.667,0,0,0,1,0,22.5
2025-01-08,33.38,37.0,41.4,-1.8,-11.1,0.047,0.522,1,0,0,1,0,28.9
2025-12-16,3.29,11.4,13.0,27.0,17.9,0.0414,0.423,0,0,0,0,0,7.6
2025-03-18,21.21,30.9,37.5,-9.7,-14.0,0.0355,0.59,1,0,0,1,0,25.7
2025-08-11,0.25,34.1,41.8,26.3,20.0,0.0258,0.566,0,0,0,0,0,12.1
2025-11-06,18.3,10.6,20.1,28.3,24.4,0.0331,0.471,0,0,0,0,0,11.3
2025-12-13,8.27,8.5,12.9,26.6,22.8,0.0399,0.689,0,0,0,0,0,10.4
2025-04-17,48.97,36.6,61.1,9.1,-3.1,0.0203,0.752,1,0,0,1,0,34.7
2025-09-28,39.9,64.8,72.2,19.3,15.4,0.0527,0.809,1,1,0,0,0,38.0
2025-10-31,2.62,68.0,92.2,8.5,1.3,0.0474,0.606,0,1,1,0,0,31.2
2025-04-02,5.22,36.6,40.6,21.9,11.4,0.0513,0.916,0,0,0,0,0,17.0
2025-11-03,9.38,10.8,18.5,16.9,8.7,0.0618,0.565,0,0,0,0,0,10.9
2025-02-13,29.17,43.7,63.6,0.9,-4.6,0.0532,0.423,1,0,0,1,0,29.7
2025-06-13,9.14,13.7,20.7,25.3,16.9,0.0427,0.663,0,0,0,0,0,11.6
2025-02-28,18.53,32.9,46.8,20.1,12.0,0.0437,0.489,0,0,0,0,0,16.0
2025-05-25,25.63,16.1,32.7,26.5,15.7,0.0345,0.596,1,0,0,0,0,19.5
2025-12-14,11.92,25.2,27.5,29.1,23.5,0.0443,0.643,0,0,0,0,0,13.8
2025-11-29,10.99,11.5,14.5,6.8,-0.0,0.0446,0.862,0,0,0,1,0,18.2
2025-08-14,11.8,14.4,14.9,18.9,13.3,0.0431,0.434,0,0,0,0,0,9.9
2025-12-23,38.96,71.7,84.8,0.1,-17.9,0.0479,0.722,1,1,1,1,0,49.0
2025-10-16,15.6,21.6,29.0,12.5,10.5,0.008,0.501,0,0,0,0,0,12.0
2025-04-09,3.83,28.6,38.9,10.6,0.6,0.1118,0.42,0,0,0,0,0,13.4
2025-05-21,11.83,16.9,20.4,3.3,-9.0,0.0329,0.635,0,0,0,1,0,17.2
2025-06-29,0.91,17.7,19.6,20.8,19.5,0.0429,0.469,0,0,0,0,0,8.6
2025-10-29,0.96,33.3,49.2,30.3,23.7,0.0,0.64,0,0,0,0,0,12.6
2025-01-04,9.16,19.4,19.9,15.2,8.0,0.0419,0.689,0,0,0,0,0,12.3
2025-01-29,0.0,19.0,27.5,17.6,14.8,0.0351,0.775,0,0,0,0,0,11.5
2025-07-31,7.39,23.2,36.1,27.7,22.8,0.041,0.826,0,0,0,0,0,14.7
2025-12-20,8.16,24.5,32.8,8.7,3.0,0.0464,0.827,0,0,0,0,0,14.9
2025-08-23,2.88,30.4,52.4,-14.8,-24.3,0.036,0.487,0,0,0,1,0,17.9
2025-03-15,28.98,66.9,79.0,6.9,-0.3,0.0476,0.254,1,1,0,1,0,36.9
2025-02-13,21.94,62.8,82.4,27.4,16.6,0.03,0.812,1,1,1,0,0,39.3
2025-06-26,7.71,14.4,43.2,-14.4,-22.7,0.0521,0.946,0,0,0,1,0,20.9
2025-10-03,2.53,32.9,36.6,6.5,0.7,0.0129,0.765,0,0,0,0,0,13.4
2025-10-04,6.37,11.4,29.0,28.9,22.4,0.0825,0.472,0,0,0,0,0,11.0
2025-01-13,9.64,37.8,38.0,22.6,21.4,0.0182,0.496,0,0,0,0,0,13.4
2025-01-08,18.19,19.5,35.2,4.0,-9.1,0.0677,0.857,0,0,0,1,0,22.7
2025-08-31,31.87,21.0,27.3,23.0,14.3,0.0054,0.173,1,0,0,0,0,16.6
2025-02-19,12.12,64.7,75.3,4.9,-11.8,0.0381,0.288,0,1,0,1,0,28.7
2025-01-13,8.51,21.1,27.7,19.5,15.0,0.0561,0.747,0,0,0,0,0,13.9
2025-09-04,14.05,39.6,49.0,10.1,7.7,0.0466,0.562,0,0,0,0,0,16.7
2025-06-12,0.96,42.1,59.4,-0.4,-2.6,0.0314,0.642,0,0,0,1,0,20.4
2025-03-08,23.02,50.6,50.7,13.2,-0.0,0.0383,0.765,1,1,0,1,0,35.8
2025-11-16,8.1,4.6,12.1,30.4,27.8,0.0359,0.601,0,0,0,0,0,9.1
2025-09-16,4.85,15.0,24.4,18.5,12.8,0.0419,0.731,0,0,0,0,0,11.7
2025-11-15,34.96,49.4,55.7,14.1,2.6,0.0389,0.428,1,0,0,0,0,25.4
2025-01-14,4.1,17.8,29.3,28.3,28.0,0.0135,0.755,0,0,0,0,0,11.5
2025-09-10,0.0,2.7,11.9,42.2,35.1,0.0366,0.566,0,0,0,0,1,10.1
2025-05-16,3.27,30.9,37.8,20.2,15.3,0.0402,0.942,0,0,0,0,0,15.7
2025-11-19,0.0,42.5,48.2,-4.1,-8.7,0.0718,0.693,0,0,0,1,0,21.0
2025-09-14,28.64,42.4,51.5,1.3,-2.9,0.0715,0.413,1,0,0,1,0,29.0
2025-06-16,0.0,34.6,41.5,12.8,12.4,0.0288,0.55,0,0,0,0,0,12.1
2025-09-28,0.0,24.3,25.3,19.2,16.8,0.0266,0.506,0,0,0,0,0,9.4
2025-12-19,34.85,64.7,85.8,-18.3,-26.8,0.0184,0.675,1,1,1,1,0,46.2
2025-04-03,0.0,10.9,11.3,20.0,15.3,0.0488,0.2,0,0,0,0,0,5.1
2025-08-05,51.64,57.1,79.9,9.0,-7.1,0.0386,0.542,1,1,0,1,0,42.8
2025-06-14,11.47,31.9,35.2,33.7,33.4,0.0373,0.524,0,0,0,0,0,13.7
2025-07-08,6.19,15.4,29.2,13.4,1.6,0.0524,0.656,0,0,0,0,0,12.0
2025-03-05,3.8,14.5,16.2,7.0,4.2,0.0362,0.792,0,0,0,0,0,11.1
2025-10-31,7.96,23.7,33.8,13.7,10.3,0.0192,0.737,0,0,0,0,0,13.3
2025-08-04,20.13,32.2,54.9,4.2,-13.8,0.1007,0.944,1,0,0,1,0,31.7
2025-06-09,10.72,21.6,22.9,24.3,13.4,0.0462,0.881,0,0,0,0,0,14.8
2025-03-17,0.31,19.0,35.9,28.9,25.7,0.0316,0.221,0,0,0,0,0,7.4
2025-06-23,11.68,12.2,34.9,10.8,-0.7,0.0653,0.734,0,0,0,1,0,19.5
2025-04-03,10.94,12.3,16.8,9.5,5.6,0.0395,0.792,0,0,0,0,0,12.5
2025-10-16,13.59,42.4,60.6,7.6,-4.6,0.0974,0.362,0,0,0,1,0,22.7
2025-09-22,41.16,71.5,88.1,6.8,-4.2,0.0384,0.714,1,1,1,1,0,49.3
2025-12-31,5.79,33.2,43.2,21.1,13.6,0.0362,0.685,0,0,0,0,0,14.6
2025-03-16,6.0,30.0,30.1,10.5,5.0,0.099,0.147,0,0,0,0,0,10.7
2025-04-05,49.07,59.1,69.1,-21.4,-41.4,0.038,0.36,1,1,0,1,0,40.1
2025-12-13,27.59,23.0,33.7,8.7,-5.2,0.0595,0.785,1,0,0,1,0,28.2
2025-12-16,0.0,10.0,22.9,14.7,7.7,0.043,0.61,0,0,0,0,0,9.0
2025-04-15,0.0,26.6,38.2,12.2,6.4,0.0105,0.172,0,0,0,0,0,7.3
2025-10-20,0.0,15.5,32.4,27.8,16.3,0.1488,0.495,0,0,0,0,0,12.4
2025-04-05,9.36,30.0,32.3,33.3,25.2,0.0425,0.692,0,0,0,0,0,14.4
2025-10-06,11.13,79.2,96.1,-0.8,-19.7,0.0589,0.709,0,1,1,1,0,40.8
2025-01-18,23.81,35.1,45.4,14.7,4.3,0.0322,0.655,1,0,0,0,0,22.5
2025-02-02,0.0,4.7,26.2,7.9,3.1,0.0352,0.273,0,0,0,0,0,5.7
2025-08-13,5.47,35.9,43.2,34.6,23.9,0.0531,0.915,0,0,0,0,0,17.2
2025-02-19,3.96,35.7,57.8,7.5,0.6,0.0478,0.854,0,0,0,0,0,17.3
2025-01-03,16.07,42.9,43.5,31.4,28.0,0.0208,0.274,0,0,0,0,0,13.9
2025-06-29,7.88,22.3,27.3,15.2,11.2,0.1073,0.173,0,0,0,0,0,10.5
2025-02-17,14.52,15.5,32.9,11.3,5.2,0.0262,0.665,0,0,0,0,0,13.3
2025-04-29,38.63,80.3,110.8,16.2,-8.1,0.0411,0.212,1,1,1,1,0,47.3
2025-08-03,0.0,42.8,58.1,9.7,-2.1,0.0498,0.263,0,0,0,1,0,17.5
2025-07-05,0.0,27.6,38.3,5.5,-2.6,0.0508,0.755,0,0,0,1,0,18.7
2025-07-24,0.0,20.4,22.1,17.5,10.0,0.0333,0.684,0,0,0,0,0,10.4
2025-09-27,21.62,68.0,83.0,2.7,-18.4,0.0254,0.606,1,1,1,1,0,43.2
2025-09-11,2.63,4.1,6.5,30.5,22.5,0.0,0.232,0,0,0,0,0,3.4
2025-10-10,0.0,33.5,38.2,23.6,10.0,0.1519,0.68,0,0,0,0,0,16.4
2025-05-10,8.34,11.1,18.7,20.5,12.5,0.0461,0.583,0,0,0,0,0,10.5
2025-07-05,39.2,51.2,63.9,-7.5,-13.9,0.0131,0.506,1,1,0,1,0,37.3
2025-12-24,0.0,9.9,17.0,12.0,9.6,0.0169,0.823,0,0,0,0,0,9.6
2025-09-30,14.09,31.3,52.9,0.4,-1.2,0.1164,0.549,0,0,0,1,0,23.2
2025-09-17,4.48,42.5,48.5,20.4,19.4,0.0375,0.869,0,0,0,0,0,17.2
2025-09-25,44.05,78.7,95.8,20.4,17.5,0.0453,0.777,1,1,1,0,0,46.7
2025-12-30,4.4,25.8,38.0,18.2,8.4,0.0144,0.608,0,0,0,0,0,11.9
2025-05-26,38.92,41.5,59.5,13.7,-9.7,0.032,0.897,1,0,0,1,0,34.5
2025-02-11,18.38,47.6,48.7,10.3,-0.6,0.0736,0.814,0,0,0,1,0,26.5
2025-05-04,32.43,39.6,47.7,4.0,-14.0,0.0139,0.295,1,0,0,1,0,26.6
2025-08-19,28.57,105.8,128.7,-0.3,-18.8,0.0462,0.347,1,1,1,1,0,50.4
2025-09-18,0.0,22.2,28.7,18.2,3.7,0.0193,0.65,0,0,0,0,0,10.4
2025-10-10,18.72,42.7,66.9,15.6,-1.2,0.0101,0.651,0,0,0,1,0,24.2
2025-05-27,0.0,11.1,17.8,11.7,2.4,0.0794,0.619,0,0,0,0,0,9.9
2025-11-02,14.24,15.9,30.8,23.5,16.8,0.0011,0.462,0,0,0,0,0,10.8
2025-10-16,11.44,65.2,83.8,9.1,-2.2,0.0621,0.369,0,1,1,1,0,35.8
2025-11-24,0.0,34.7,42.9,11.2,-0.2,0.061,0.708,0,0,0,1,0,19.6
2025-10-13,10.14,20.0,27.6,-2.1,-8.7,0.1295,0.576,0,0,0,1,0,20.0
2025-02-28,14.46,38.6,59.4,-16.5,-16.7,0.0412,0.393,0,0,0,1,0,21.0
2025-08-21,0.0,14.1,21.8,25.5,13.7,0.0354,0.494,0,0,0,0,0,8.2
2025-02-15,18.39,62.6,73.6,21.6,9.0,0.0304,0.804,0,1,0,0,0,28.5
2025-07-29,0.0,12.8,23.3,14.8,2.3,0.0205,0.626,0,0,0,0,0,8.9
2025-08-17,1.17,14.6,35.0,11.8,9.3,0.0833,0.582,0,0,0,0,0,11.6
2025-07-01,15.38,17.6,36.2,17.4,16.5,0.0326,0.576,0,0,0,0,0,13.4
2025-06-20,12.21,18.5,30.7,17.1,14.0,0.0595,0.611,0,0,0,0,0,13.5
2025-12-25,24.1,56.2,74.5,5.8,-6.4,0.0434,0.921,1,1,0,1,0,39.8
2025-04-06,2.53,26.8,37.9,26.9,21.8,0.0263,0.85,0,0,0,0,0,13.9
2025-01-12,38.93,44.2,60.8,-31.0,-52.8,0.0505,0.562,1,0,0,1,0,32.7
2025-06-04,8.39,21.2,28.4,14.2,5.8,0.0373,0.577,0,0,0,0,0,11.9
2025-04-10,18.55,36.9,49.9,-11.7,-24.7,0.0299,0.507,0,0,0,1,0,21.6
2025-05-05,2.95,37.6,46.7,34.8,29.1,0.0312,0.48,0,0,0,0,0,12.8
2025-06-12,27.31,47.6,55.2,3.3,-15.8,0.0436,0.783,1,0,0,1,0,31.8
2025-04-30,0.0,27.0,34.3,10.6,-7.3,0.0219,0.677,0,0,0,1,0,16.8
2025-09-20,0.0,15.0,15.9,19.4,18.4,0.0285,0.716,0,0,0,0,0,9.5
2025-03-27,24.99,52.2,67.4,-4.5,-9.5,0.036,0.777,1,1,0,1,0,37.7
2025-09-21,0.0,12.8,15.5,34.9,24.8,0.027,0.728,0,0,0,0,0,9.3
2025-09-22,1.01,39.5,53.0,14.2,-1.8,0.0115,0.845,0,0,0,1,0,20.8
2025-02-15,0.0,16.9,33.9,24.7,21.3,0.0725,0.904,0,0,0,0,0,13.9
2025-06-15,3.12,33.9,50.1,13.1,2.0,0.046,0.716,0,0,0,0,0,15.1
2025-11-21,6.21,26.1,28.5,9.6,4.3,0.0432,0.234,0,0,0,0,0,9.3
2025-07-04,47.25,79.6,104.2,-4.1,-5.4,0.0228,0.73,1,1,1,1,0,52.3
2025-02-08,4.75,23.3,34.7,26.9,20.2,0.096,0.147,0,0,0,0,0,10.0
2025-11-24,0.0,35.7,56.6,14.2,1.7,0.0395,0.652,0,0,0,0,0,14.4
2025-06-15,12.21,31.9,34.3,6.0,-2.9,0.0408,0.667,0,0,0,1,0,20.3
2025-08-15,20.06,9.3,13.8,14.1,10.3,0.0243,0.513,1,0,0,0,0,15.3
2025-04-29,1.49,13.4,21.4,15.7,5.0,0.0217,0.475,0,0,0,0,0,7.9
2025-06-01,10.09,23.1,25.1,5.3,-0.1,0.0329,0.597,0,0,0,1,0,17.5
2025-02-08,0.0,14.1,21.7,18.9,11.7,0.0269,0.582,0,0,0,0,0,8.7
2025-09-25,2.49,1.5,4.6,23.4,17.0,0.0911,0.551,0,0,0,0,0,8.3
2025-11-22,4.76,9.2,9.7,11.9,-3.7,0.1637,0.772,0,0,0,1,0,19.1
2025-02-14,28.37,32.6,51.2,-8.7,-15.8,0.0191,0.717,1,0,0,1,0,28.9
2025-11-08,22.42,26.4,62.1,32.0,16.8,0.0212,0.674,1,0,0,0,0,22.3
2025-07-29,5.58,17.1,27.9,8.6,5.4,0.0572,0.399,0,0,0,0,0,10.0
2025-03-27,27.63,23.3,33.9,-6.3,-26.1,0.126,0.813,1,0,0,1,0,30.5
2025-06-01,38.27,61.9,89.9,-24.3,-58.9,0.038,0.562,1,1,1,1,0,46.6
2025-04-17,1.73,17.9,30.8,15.7,8.3,0.0162,0.783,0,0,0,0,0,11.5
2025-01-26,18.41,50.8,67.4,8.8,-6.1,0.0099,0.383,0,1,0,1,0,27.9
2025-01-07,0.0,14.3,21.4,21.6,11.4,0.0579,0.338,0,0,0,0,0,7.6
2025-10-18,6.66,25.2,29.8,15.3,9.6,0.0346,0.332,0,0,0,0,0,10.0
2025-11-21,34.83,68.2,86.4,-12.8,-20.3,0.0299,0.57,1,1,1,1,0,46.1
2025-08-10,27.75,49.1,69.1,23.9,12.4,0.0344,0.779,1,0,0,0,0,27.6
2025-04-01,8.58,35.9,43.4,17.7,11.7,0.0323,0.871,0,0,0,0,0,16.9
2025-06-16,12.42,11.4,15.2,31.4,22.7,0.0643,0.226,0,0,0,0,0,8.6
2025-07-13,0.0,9.7,27.6,9.3,1.3,0.015,0.768,0,0,0,0,0,9.9
2025-03-29,56.67,77.5,98.2,-33.2,-36.6,0.035,0.344,1,1,1,1,0,50.7
2025-01-20,3.03,27.7,31.6,45.7,35.9,0.1065,0.752,0,0,0,0,1,18.3
2025-06-04,6.39,14.3,30.7,38.2,34.7,0.0846,0.624,0,0,0,0,1,15.9
2025-02-28,10.47,18.9,23.7,10.9,2.9,0.0221,0.566,0,0,0,0,0,11.2
2025-01-16,8.64,11.9,25.9,18.4,15.6,0.0163,0.298,0,0,0,0,0,7.9
2025-05-05,0.0,16.4,29.6,10.2,8.1,0.0251,0.795,0,0,0,0,0,11.2
2025-12-12,18.27,27.3,34.7,13.9,6.3,0.0172,0.842,0,0,0,0,0,16.7
2025-01-16,11.18,2.9,17.4,34.2,27.3,0.03,0.884,0,0,0,0,0,12.1
2025-02-16,25.79,43.4,45.6,26.3,26.2,0.1012,0.96,1,0,0,0,0,28.3
2025-07-24,16.58,25.8,36.2,15.8,6.7,0.0304,0.669,0,0,0,0,0,15.2
2025-09-18,5.58,17.6,29.7,20.2,9.5,0.0416,0.871,0,0,0,0,0,13.6
2025-07-02,3.94,17.2,26.8,11.6,2.3,0.0484,0.649,0,0,0,0,0,11.4
2025-09-01,37.58,54.0,62.9,17.9,16.4,0.0978,0.689,1,1,0,0,0,36.0
2025-01-01,4.9,28.3,34.8,15.6,10.5,0.0556,0.668,0,0,0,0,0,13.7
2025-06-01,21.54,71.6,76.3,7.8,-2.6,0.0545,0.87,1,1,0,1,0,40.9
2025-04-02,5.59,12.4,29.0,32.5,29.1,0.0794,0.432,0,0,0,0,0,10.5
2025-01-26,2.92,18.7,35.1,21.9,12.1,0.0391,0.912,0,0,0,0,0,13.9
2025-06-29,19.86,63.8,82.6,3.4,-5.5,0.0425,0.544,0,1,1,1,0,38.2
2025-01-07,12.67,8.2,20.5,9.9,2.6,0.0581,0.901,0,0,0,0,0,14.2
2025-11-18,2.32,0.9,1.9,23.6,13.0,0.038,0.581,0,0,0,0,0,6.7
2025-12-25,16.57,40.7,56.0,32.1,21.3,0.034,0.174,0,0,0,0,0,14.2
2025-08-24,3.78,0.0,2.5,17.8,13.0,0.0188,0.666,0,0,0,0,0,7.1
2025-10-25,6.54,24.4,30.9,17.5,8.2,0.0177,0.733,0,0,0,0,0,12.8
2025-04-20,20.02,42.6,62.6,4.4,-1.7,0.0482,0.578,1,0,0,1,0,28.8
2025-05-27,7.36,17.0,21.5,1.0,-4.1,0.0114,0.321,0,0,0,1,0,13.1
2025-03-11,1.38,33.5,33.6,9.6,1.3,0.0367,0.4,0,0,0,0,0,10.6
2025-01-27,2.88,22.8,24.5,29.4,24.1,0.0451,0.65,0,0,0,0,0,11.5
2025-04-25,0.0,19.6,33.3,8.6,1.5,0.0327,0.647,0,0,0,0,0,10.8
2025-08-07,12.06,17.8,20.9,22.5,16.7,0.038,0.849,0,0,0,0,0,14.1
2025-09-15,10.17,31.7,34.6,10.2,3.9,0.0435,0.863,0,0,0,0,0,16.4
2025-12-23,33.3,63.9,85.1,-2.9,-18.0,0.0294,0.588,1,1,1,1,0,45.3
2025-12-10,69.79,65.4,86.7,-2.9,-11.2,0.0835,0.034,1,1,1,1,0,50.2
2025-03-28,7.89,11.1,18.2,4.0,0.9,0.0328,0.732,0,0,0,0,0,11.2
2025-10-21,5.19,18.7,28.6,15.0,-1.1,0.0408,0.856,0,0,0,1,0,18.6
2025-07-24,15.07,36.1,53.1,11.2,1.8,0.0527,0.87,0,0,0,0,0,19.6
2025-12-26,1.75,5.7,11.9,5.3,2.9,0.0199,0.767,0,0,0,0,0,8.8
2025-06-24,3.55,15.2,18.9,17.8,12.0,0.0098,0.521,0,0,0,0,0,8.3
2025-05-15,0.0,37.3,42.9,16.1,10.1,0.0273,0.582,0,0,0,0,0,12.7
2025-01-24,6.58,31.6,38.1,17.4,11.2,0.0089,0.415,0,0,0,0,0,11.2
2025-01-19,20.24,49.1,75.8,2.6,-5.5,0.1194,0.783,1,0,0,1,0,34.2
2025-04-06,1.11,38.7,53.7,21.9,13.9,0.0486,0.381,0,0,0,0,0,12.8
2025-09-14,3.02,12.1,31.5,16.5,12.3,0.0863,0.296,0,0,0,0,0,9.2
2025-10-30,5.44,27.6,37.8,38.9,31.0,0.0359,0.746,0,0,0,0,1,17.2
2025-08-08,17.93,65.4,73.0,15.4,0.4,0.0558,0.942,0,1,0,0,0,30.6
2025-11-17,4.74,41.0,44.5,26.2,14.3,0.0856,0.987,0,0,0,0,0,19.2
2025-11-01,14.82,26.0,31.9,11.8,-2.1,0.0198,0.298,0,0,0,1,0,16.4
2025-04-16,7.71,21.9,26.3,17.0,11.2,0.112,0.614,0,0,0,0,0,14.2
2025-06-03,6.07,3.4,10.3,1.4,-0.6,0.1038,0.83,0,0,0,1,0,17.5
2025-02-18,10.47,22.6,44.0,17.5,12.0,0.0737,0.482,0,0,0,0,0,13.9
2025-08-08,0.0,26.0,32.8,21.1,15.9,0.0724,0.768,0,0,0,0,0,13.6
2025-09-01,9.64,61.7,77.7,3.1,-3.8,0.0125,0.336,0,1,0,1,0,27.7
2025-02-18,3.54,6.5,20.8,23.1,18.6,0.0732,0.63,0,0,0,0,0,10.3
2025-08-01,0.0,34.9,40.0,22.3,15.2,0.0449,0.727,0,0,0,0,0,13.9
2025-06-14,18.97,22.0,25.0,13.2,10.1,0.0343,0.72,0,0,0,0,0,15.1
2025-03-23,23.6,61.7,73.4,-7.4,-24.7,0.0278,0.533,1,1,0,1,0,36.5
2025-09-24,11.02,54.4,63.2,-20.1,-27.6,0.0496,0.73,0,1,0,1,0,30.5
2025-05-29,0.66,23.0,34.5,24.3,20.5,0.0291,0.62,0,0,0,0,0,11.1
2025-01-19,49.18,59.2,75.0,2.6,-10.9,0.028,0.808,1,1,0,1,0,44.0
2025-02-19,5.6,17.2,21.9,29.1,19.0,0.0201,0.867,0,0,0,0,0,12.4
2025-07-13,19.67,46.1,51.3,0.9,-2.8,0.0444,0.389,0,0,0,1,0,22.4
2025-03-09,11.53,26.3,34.3,15.7,2.4,0.0187,0.919,0,0,0,0,0,15.8
2025-01-09,11.66,28.1,30.3,38.8,33.9,0.0307,0.659,0,0,0,0,1,17.1
2025-07-26,28.89,42.1,56.5,11.1,3.8,0.0459,0.516,1,0,0,0,0,24.3
2025-01-03,13.52,13.6,15.7,20.6,8.0,0.0217,0.764,0,0,0,0,0,12.4
2025-09-15,23.86,41.7,68.9,-14.5,-25.2,0.0327,0.689,1,0,0,1,0,30.4
2025-01-28,2.36,8.2,17.2,17.0,10.9,0.0522,0.941,0,0,0,0,0,12.0
2025-02-04,34.43,61.8,77.5,11.8,1.7,0.0498,0.69,1,1,0,0,0,35.8
2025-12-17,51.87,54.5,82.9,-11.6,-19.3,0.0464,0.736,1,1,1,1,0,49.8
2025-05-29,8.49,45.3,68.9,12.8,2.4,0.0969,0.309,0,0,0,0,0,16.9
2025-09-13,2.5,19.4,34.8,4.8,-4.1,0.0157,0.695,0,0,0,1,0,16.5
2025-07-28,21.3,38.6,42.6,11.0,7.9,0.0178,0.709,1,0,0,0,0,22.2
2025-02-26,7.86,10.5,22.1,22.4,14.5,0.112,0.606,0,0,0,0,0,12.7
2025-10-24,11.37,24.8,49.0,7.2,-10.6,0.0147,0.794,0,0,0,1,0,20.8
2025-05-04,0.0,23.7,30.7,11.9,7.0,0.0378,0.807,0,0,0,0,0,12.5
2025-09-15,32.57,45.4,49.5,9.6,-7.8,0.0077,0.531,1,0,0,1,0,29.1
2025-05-30,31.01,57.5,68.4,6.1,-7.7,0.016,0.783,1,1,0,1,0,39.0
2025-10-11,10.55,22.5,25.0,16.0,9.8,0.0114,0.613,0,0,0,0,0,11.8
2025-03-18,12.19,10.6,15.1,13.5,5.6,0.0504,0.309,0,0,0,0,0,8.8
2025-02-19,5.35,16.6,33.5,2.5,-8.7,0.0578,0.866,0,0,0,1,0,19.4
2025-01-22,6.79,26.9,45.0,7.2,-1.3,0.0388,0.91,0,0,0,1,0,21.4
2025-10-11,43.71,60.5,100.6,-15.8,-20.2,0.0282,0.842,1,1,1,1,0,50.4
2025-07-21,13.08,26.7,42.9,3.3,1.0,0.0466,0.87,0,0,0,0,0,17.2
2025-03-05,4.82,54.8,72.8,19.3,11.1,0.0125,0.782,0,1,0,0,0,24.1
2025-09-30,8.48,14.1,30.3,28.7,21.3,0.1131,0.46,0,0,0,0,0,12.6
2025-02-25,31.9,82.3,98.3,-25.1,-36.4,0.112,0.711,1,1,1,1,0,51.4
2025-07-06,56.49,61.7,101.9,-19.3,-27.5,0.0418,0.718,1,1,1,1,0,52.6
2025-01-11,29.12,88.8,112.7,-14.2,-25.7,0.015,0.359,1,1,1,1,0,46.8
2025-02-03,5.27,10.3,12.8,41.1,32.9,0.0588,0.996,0,0,0,0,1,16.2
2025-12-23,24.71,44.3,79.4,6.8,3.4,0.0857,0.74,1,0,0,0,0,28.4
2025-12-28,4.0,29.1,36.0,19.9,18.5,0.0414,0.875,0,0,0,0,0,15.0
2025-04-20,36.49,37.9,69.1,0.4,-5.4,0.0312,0.443,1,0,0,1,0,30.6
2025-01-17,50.97,31.5,49.4,15.8,9.5,0.0674,0.558,1,0,0,0,0,28.3
2025-07-14,14.8,47.2,73.5,1.9,-7.9,0.0454,0.817,0,0,0,1,0,26.7
2025-11-08,14.59,0.0,7.3,2.3,-6.4,0.0688,0.681,0,0,0,1,0,16.5
2025-07-03,0.0,10.8,13.4,7.6,3.2,0.0119,0.781,0,0,0,0,0,9.0
2025-10-11,4.27,15.8,30.2,35.8,31.2,0.0305,0.721,0,0,0,0,1,14.8
2025-05-18,25.45,51.1,68.9,10.6,7.0,0.0393,0.644,1,1,0,0,0,31.5
2025-06-05,7.4,23.1,40.3,32.3,28.1,0.0326,0.479,0,0,0,0,0,11.8
2025-04-01,18.69,36.6,54.2,-0.3,-11.3,0.044,0.528,0,0,0,1,0,22.5
2025-05-18,0.0,15.8,26.1,9.9,8.9,0.0513,0.781,0,0,0,0,0,11.5
2025-07-08,0.23,31.9,36.7,12.7,1.4,0.1186,0.219,0,0,0,0,0,11.3
2025-09-17,6.29,24.6,38.8,12.9,8.4,0.0651,0.665,0,0,0,0,0,14.1
2025-02-04,0.0,35.9,42.8,13.3,8.5,0.0282,0.248,0,0,0,0,0,9.7
2025-12-02,9.13,26.4,37.5,21.2,16.6,0.0371,0.27,0,0,0,0,0,10.7
2025-04-18,1.69,15.2,21.0,30.2,21.8,0.0974,0.632,0,0,0,0,0,11.6
2025-11-29,22.9,50.8,58.8,-7.0,-20.9,0.0813,0.319,1,1,0,1,0,34.0
2025-04-15,45.74,61.5,96.8,18.8,-2.9,0.0217,0.885,1,1,1,1,0,50.8
2025-02-19,8.04,45.3,56.1,22.9,13.5,0.0121,0.533,0,0,0,0,0,15.3
2025-01-20,7.3,29.6,37.8,20.3,13.1,0.0111,0.614,0,0,0,0,0,12.8
2025-09-04,8.35,32.9,34.8,22.5,11.2,0.0628,0.417,0,0,0,0,0,13.0
2025-12-24,24.15,14.0,16.7,10.5,9.7,0.0482,0.524,1,0,0,0,0,17.6
2025-05-26,31.55,77.6,96.8,-27.2,-31.8,0.0468,0.893,1,1,1,1,0,50.3
2025-10-21,0.29,10.1,16.2,10.4,-0.8,0.0345,0.866,0,0,0,1,0,15.7
2025-05-18,11.07,17.4,24.6,33.5,26.6,0.0135,0.696,0,0,0,0,0,12.1
2025-05-17,4.34,20.9,26.8,24.5,18.4,0.0259,0.379,0,0,0,0,0,8.9
2025-09-05,29.34,62.5,96.2,-26.4,-34.2,0.0407,0.867,1,1,1,1,0,47.8
2025-03-29,0.0,31.4,37.3,18.1,6.7,0.0336,0.824,0,0,0,0,0,13.8
2025-01-19,10.6,42.3,45.3,3.9,-1.5,0.0639,0.238,0,0,0,1,0,19.0
2025-10-02,7.36,27.1,35.6,21.5,4.6,0.0144,0.563,0,0,0,0,0,12.1
2025-06-21,0.0,24.4,36.7,4.1,-4.7,0.0913,0.87,0,0,0,1,0,20.3
2025-08-15,11.3,36.4,44.2,17.8,8.4,0.0095,0.542,0,0,0,0,0,14.2
2025-12-23,7.09,22.1,30.1,11.0,-1.6,0.0691,0.349,0,0,0,1,0,16.1
2025-06-15,0.64,15.4,32.2,3.1,-8.1,0.0322,0.761,0,0,0,1,0,16.6
2025-01-26,22.21,26.7,41.6,-16.9,-34.9,0.0629,0.625,1,0,0,1,0,26.9
2025-05-02,40.77,61.7,83.3,12.1,-2.3,0.0483,0.653,1,1,1,1,0,47.6
2025-02-24,4.47,13.3,16.7,31.9,27.6,0.0188,0.75,0,0,0,0,0,10.3
2025-12-06,8.53,15.8,18.4,14.9,6.7,0.067,0.888,0,0,0,0,0,14.1
2025-06-20,0.9,6.6,9.6,8.0,4.7,0.039,0.826,0,0,0,0,0,9.6
2025-03-27,0.0,36.3,46.8,2.7,-8.5,0.0243,0.421,0,0,0,1,0,16.6
2025-10-16,0.73,10.7,21.4,36.4,25.7,0.0294,0.354,0,0,0,0,1,9.8
2025-10-29,11.28,32.1,50.3,-21.9,-27.8,0.0175,0.828,0,0,0,1,0,22.0
2025-03-13,45.08,78.8,112.0,-36.0,-57.3,0.0389,0.477,1,1,1,1,0,50.7
2025-03-07,25.96,24.8,37.4,-6.0,-14.2,0.0284,0.705,1,0,0,1,0,26.8
2025-09-18,4.85,0.0,1.8,42.6,30.8,0.0627,0.655,0,0,0,0,1,11.6
2025-09-06,2.9,13.7,20.7,15.6,9.1,0.0228,0.742,0,0,0,0,0,10.4
2025-04-03,23.32,56.2,63.1,18.6,13.7,0.1187,0.504,1,1,0,0,0,32.3
2025-04-22,23.61,53.6,66.7,10.7,5.9,0.0228,0.551,1,1,0,0,0,30.0
2025-12-01,16.32,19.0,30.3,8.6,-1.0,0.0354,0.385,0,0,0,1,0,17.0
2025-10-28,2.88,43.2,54.9,20.7,9.9,0.0356,0.789,0,0,0,0,0,16.7
2025-06-08,0.0,4.8,7.8,12.8,5.6,0.0966,0.808,0,0,0,0,0,10.6
2025-08-12,0.0,3.7,6.7,8.0,-2.6,0.0357,0.322,0,0,0,1,0,9.8
2025-01-28,7.79,3.9,19.9,19.7,10.1,0.0826,0.895,0,0,0,0,0,13.3
2025-02-04,8.06,12.6,18.5,28.8,26.5,0.0,0.769,0,0,0,0,0,10.8
2025-10-03,13.76,44.5,76.3,17.9,10.2,0.0362,0.755,0,0,0,0,0,20.4
2025-08-23,16.83,0.0,21.5,26.2,13.7,0.0251,0.72,0,0,0,0,0,11.8
2025-04-06,7.23,14.8,21.1,7.2,6.6,0.0368,0.466,0,0,0,0,0,9.5
2025-07-11,0.0,26.5,28.3,17.6,12.4,0.0288,0.492,0,0,0,0,0,9.8
2025-10-27,27.72,59.7,86.5,0.1,-7.8,0.0228,0.73,1,1,1,1,0,44.8
2025-08-09,17.27,45.5,60.4,5.0,-6.2,0.0209,0.238,0,0,0,1,0,20.5
2025-11-29,8.32,22.8,32.6,26.9,21.8,0.0258,0.379,0,0,0,0,0,10.4
2025-10-18,23.32,37.7,44.8,9.2,-5.9,0.0471,0.671,1,0,0,1,0,28.4
2025-03-05,7.04,12.7,22.9,40.1,31.2,0.0227,0.822,0,0,0,0,1,15.1
2025-06-23,25.24,40.2,64.9,-6.5,-15.8,0.0324,0.231,1,0,0,1,0,26.4
2025-12-15,51.43,98.5,122.0,7.3,-0.9,0.0733,0.615,1,1,1,1,0,56.9
2025-08-25,16.56,7.3,24.0,27.0,21.6,0.0246,0.216,0,0,0,0,0,8.5
2025-02-24,12.57,21.6,33.9,24.6,1.4,0.0292,0.546,0,0,0,0,0,12.7
2025-11-22,0.0,17.4,25.2,32.2,25.1,0.0514,0.233,0,0,0,0,0,7.1
2025-08-02,12.47,5.3,15.2,22.2,15.7,0.0352,0.919,0,0,0,0,0,13.0
2025-06-29,31.37,78.2,99.5,8.2,3.9,0.0238,0.702,1,1,1,0,0,43.1
2025-09-12,0.78,52.8,79.6,19.5,6.0,0.0343,0.537,0,1,0,0,0,22.1
2025-11-12,32.52,82.5,119.0,-5.1,-18.3,0.0453,0.471,1,1,1,1,0,49.1
2025-11-10,42.02,90.1,103.7,-18.9,-29.1,0.0212,0.604,1,1,1,1,0,51.1
2025-08-12,1.1,15.3,29.3,15.9,0.7,0.0352,0.368,0,0,0,0,0,8.0
2025-10-30,43.84,48.3,66.8,10.4,-1.4,0.0476,0.427,1,0,0,1,0,33.4
2025-03-17,3.15,25.0,26.6,20.3,9.5,0.0479,0.314,0,0,0,0,0,9.2
2025-05-17,45.3,44.0,51.8,-6.0,-7.9,0.0952,0.741,1,0,0,1,0,36.1
2025-01-26,16.65,52.8,69.1,0.2,-8.8,0.0514,0.681,0,1,0,1,0,31.6
2025-05-21,19.06,46.0,60.8,-0.2,-8.0,0.0267,0.323,0,0,0,1,0,21.9
2025-12-22,38.29,59.3,86.6,-8.1,-15.0,0.0311,0.523,1,1,1,1,0,45.5
2025-12-24,0.0,29.6,44.2,39.1,29.7,0.0374,0.474,0,0,0,0,1,14.5
2025-08-13,10.93,38.8,49.5,27.7,24.8,0.064,0.642,0,0,0,0,0,17.1
2025-06-22,10.51,27.0,37.0,36.0,31.0,0.0,0.451,0,0,0,0,1,14.6
2025-11-03,56.12,33.5,46.2,-11.2,-32.8,0.0648,0.338,1,0,0,1,0,32.6
2025-10-11,3.47,19.5,34.4,33.6,27.5,0.0342,0.25,0,0,0,0,0,8.4
2025-08-10,28.64,58.2,68.0,3.7,-11.9,0.0351,0.836,1,1,0,1,0,39.6
2025-02-10,30.01,78.3,90.9,-11.0,-32.5,0.0249,0.561,1,1,1,1,0,46.2
2025-02-01,3.48,3.9,10.5,6.5,4.5,0.0423,0.503,0,0,0,0,0,7.3
2025-03-06,0.0,15.1,23.7,24.9,14.6,0.0282,0.497,0,0,0,0,0,8.3
2025-08-30,24.51,40.4,61.7,9.2,3.2,0.0283,0.882,1,0,0,0,0,26.2
2025-08-07,8.58,19.5,33.9,23.1,17.9,0.0303,0.76,0,0,0,0,0,13.5
2025-04-17,15.99,68.7,79.0,26.0,13.5,0.0223,0.899,0,1,0,0,0,29.6
2025-12-26,0.98,13.9,30.9,14.6,0.7,0.0107,0.369,0,0,0,0,0,7.3
2025-07-03,17.05,73.3,76.7,3.1,-11.1,0.081,0.697,0,1,0,1,0,35.4
2025-03-10,4.52,10.6,23.6,27.5,27.1,0.0164,0.776,0,0,0,0,0,10.7
2025-02-18,2.6,0.0,19.7,22.6,15.7,0.037,0.727,0,0,0,0,0,9.1
2025-07-13,1.91,46.9,50.6,13.3,-1.4,0.0603,0.897,0,0,0,1,0,23.4
2025-02-17,1.42,7.6,12.2,18.3,6.4,0.026,0.723,0,0,0,0,0,8.8
2025-04-25,0.0,17.3,31.8,8.5,6.8,0.0512,0.722,0,0,0,0,0,11.6
2025-09-15,0.16,46.4,72.0,-3.2,-8.9,0.002,0.438,0,0,0,1,0,19.0
2025-06-11,1.06,12.2,17.5,17.4,9.5,0.0283,0.769,0,0,0,0,0,10.0
2025-06-07,8.72,18.6,29.9,8.6,2.8,0.0269,0.719,0,0,0,0,0,12.7
2025-03-18,24.85,33.7,57.4,7.1,-2.9,0.1085,0.635,1,0,0,1,0,30.7
2025-04-03,41.39,47.9,60.3,3.8,-4.3,0.0427,0.907,1,0,0,1,0,36.2
2025-12-14,38.69,43.6,61.9,-11.6,-27.1,0.0671,0.321,1,0,0,1,0,31.1
2025-09-06,2.95,6.4,22.4,28.8,26.2,0.0293,0.746,0,0,0,0,0,10.0
2025-11-16,30.07,29.3,53.1,-1.0,-10.5,0.0283,0.662,1,0,0,1,0,28.9
2025-01-11,15.85,27.2,39.9,7.9,3.4,0.0499,0.573,0,0,0,0,0,15.3
2025-07-29,11.31,29.3,45.2,30.1,18.2,0.0236,0.344,0,0,0,0,0,12.3
2025-05-06,21.11,27.3,52.2,-0.6,-22.8,0.0421,0.639,1,0,0,1,0,27.0
2025-10-04,57.42,64.5,88.2,7.0,-9.6,0.0257,0.631,1,1,1,1,0,50.9
2025-03-14,0.0,8.4,17.6,9.7,1.1,0.0538,0.321,0,0,0,0,0,6.4
2025-07-12,3.68,14.2,19.7,27.3,23.7,0.0037,0.804,0,0,0,0,0,10.5
2025-05-13,0.0,16.0,16.3,25.7,22.3,0.0599,0.583,0,0,0,0,0,9.5
2025-06-20,34.27,56.0,78.5,-14.3,-28.2,0.0497,0.562,1,1,0,1,0,39.4
2025-01-26,0.0,28.9,38.4,36.2,31.6,0.0259,0.725,0,0,0,0,1,15.7
2025-04-04,9.3,38.3,40.1,21.9,20.3,0.0469,0.451,0,0,0,0,0,14.0
2025-03-02,6.41,27.2,29.3,19.2,10.1,0.0356,0.459,0,0,0,0,0,11.2
2025-01-30,19.36,30.6,58.3,4.3,3.6,0.0445,0.657,0,0,0,0,0,18.2
2025-03-06,0.0,0.0,4.5,22.7,15.2,0.0341,0.474,0,0,0,0,0,5.3
2025-05-02,55.9,55.9,75.4,-14.7,-24.8,0.0257,0.598,1,1,0,1,0,43.3
2025-05-11,0.0,19.1,32.7,8.1,3.2,0.0596,0.303,0,0,0,0,0,8.6
2025-09-20,0.0,17.9,24.2,35.6,29.4,0.0,0.628,0,0,0,0,1,12.0
2025-09-11,8.73,27.5,32.5,10.7,4.4,0.0503,0.024,0,0,0,0,0,8.7
2025-10-29,8.07,10.0,16.1,15.4,8.1,0.0202,0.786,0,0,0,0,0,11.0
2025-09-20,14.96,58.8,70.9,16.8,4.1,0.0886,0.4,0,1,0,0,0,25.5
2025-02-05,22.83,19.7,35.4,20.0,15.8,0.0394,0.524,1,0,0,0,0,19.1
2025-02-25,10.24,34.0,43.9,30.5,27.2,0.1164,0.177,0,0,0,0,0,13.7
2025-01-12,9.34,10.6,27.9,31.4,27.1,0.0382,0.822,0,0,0,0,0,13.1
2025-04-21,0.96,10.0,18.6,14.4,13.7,0.0213,0.686,0,0,0,0,0,8.9
2025-12-28,0.0,19.5,30.0,9.1,-4.5,0.0504,0.479,0,0,0,1,0,14.9
2025-03-25,27.57,52.6,70.2,10.4,-0.6,0.1054,0.34,1,1,0,1,0,36.8
2025-01-09,15.22,41.4,52.4,3.9,-1.2,0.0364,0.397,0,0,0,1,0,20.9
2025-02-04,12.21,21.0,28.0,9.8,7.5,0.0079,0.836,0,0,0,0,0,14.0
2025-09-23,10.91,25.9,43.7,13.3,7.6,0.0131,0.782,0,0,0,0,0,15.1
2025-06-25,12.02,29.3,55.3,-8.4,-15.5,0.0333,0.592,0,0,0,1,0,20.7
2025-06-29,8.57,23.7,33.8,33.7,29.5,0.0258,0.458,0,0,0,0,0,11.3
2025-12-26,13.78,56.9,74.6,-15.1,-26.0,0.0531,0.707,0,1,0,1,0,32.1
2025-09-19,9.47,10.7,11.8,15.9,0.4,0.0273,0.376,0,0,0,0,0,7.9
2025-12-24,24.67,62.0,88.8,9.8,-15.9,0.0583,0.39,1,1,1,1,0,42.8
2025-08-18,0.0,14.4,15.8,15.1,7.0,0.0157,0.669,0,0,0,0,0,8.7
2025-10-18,0.0,10.7,21.1,14.2,7.5,0.0309,0.524,0,0,0,0,0,7.9
2025-12-04,0.0,27.3,36.4,12.5,2.8,0.0306,0.623,0,0,0,0,0,11.6
2025-01-02,8.2,50.0,71.2,2.8,-17.1,0.0308,0.562,0,1,0,1,0,28.1
2025-12-15,29.78,30.7,50.5,26.9,13.3,0.0424,0.707,1,0,0,0,0,24.4
2025-06-11,0.0,24.2,26.9,26.1,18.7,0.0347,0.786,0,0,0,0,0,12.0
2025-12-01,7.32,59.8,86.2,-11.2,-21.9,0.0445,0.647,0,1,1,1,0,36.4
2025-09-09,6.99,11.3,26.1,21.4,19.3,0.0085,0.197,0,0,0,0,0,6.4
2025-05-22,62.99,81.9,84.6,16.9,3.5,0.0928,0.913,1,1,1,0,0,52.7
2025-05-10,1.01,11.9,20.2,14.0,6.7,0.0339,0.814,0,0,0,0,0,10.7
2025-09-09,0.0,28.5,28.8,6.2,-1.3,0.0407,0.335,0,0,0,1,0,14.3
2025-01-30,24.0,68.3,93.1,-5.4,-26.9,0.0244,0.597,1,1,1,1,0,44.4
2025-05-12,37.38,69.3,102.5,-11.4,-12.3,0.0177,0.629,1,1,1,1,0,48.0
2025-08-31,11.4,65.3,86.3,-16.1,-29.0,0.0052,0.454,0,1,1,1,0,35.0
2025-12-09,20.93,66.8,70.5,22.0,11.0,0.0053,0.671,1,1,0,0,0,31.6
2025-03-10,2.05,7.3,9.9,31.2,24.1,0.0364,0.919,0,0,0,0,0,10.6
2025-05-28,16.68,49.1,78.8,-10.9,-20.1,0.0206,0.144,0,0,0,1,0,21.4
2025-09-24,16.56,49.6,71.9,-10.2,-15.0,0.0333,0.592,0,0,0,1,0,25.0
2025-04-13,21.9,56.4,66.9,5.0,-9.9,0.0253,0.92,1,1,0,1,0,38.3
2025-05-20,13.24,23.0,38.5,30.5,15.2,0.0339,0.819,0,0,0,0,0,15.8
2025-01-16,19.09,67.9,70.8,-2.0,-18.6,0.0293,0.714,0,1,0,1,0,33.4
2025-12-19,9.83,31.5,32.6,11.8,7.4,0.0305,0.676,0,0,0,0,0,14.2
2025-02-17,12.28,18.4,39.2,11.8,2.8,0.0407,0.89,0,0,0,0,0,15.9
2025-07-12,5.0,29.9,34.0,21.6,15.1,0.0484,0.654,0,0,0,0,0,13.5
2025-07-08,0.0,29.3,46.3,-3.0,-9.8,0.0079,0.672,0,0,0,1,0,17.5
2025-12-30,1.57,19.4,26.3,26.2,18.5,0.032,0.252,0,0,0,0,0,7.3
2025-11-09,16.55,26.4,38.6,-14.2,-18.2,0.0296,0.728,0,0,0,1,0,21.2
2025-08-19,5.03,33.4,45.0,17.8,5.4,0.0365,0.624,0,0,0,0,0,14.1
2025-03-24,0.84,18.1,34.2,18.0,9.4,0.0242,0.69,0,0,0,0,0,11.0
2025-01-04,27.49,64.9,74.0,20.2,15.9,0.0087,0.144,1,1,0,0,0,28.7
2025-02-20,17.8,36.7,42.2,15.1,0.4,0.1094,0.631,0,0,0,0,0,19.0
2025-04-06,23.86,94.1,118.0,36.4,12.6,0.0625,0.476,1,1,1,0,1,46.9
2025-06-20,3.0,11.3,16.7,-1.1,-8.4,0.0067,0.904,0,0,0,1,0,16.0
2025-03-04,1.29,16.1,19.8,33.4,27.0,0.0268,0.635,0,0,0,0,0,9.5
2025-01-04,5.05,11.1,18.1,10.3,9.5,0.0401,0.529,0,0,0,0,0,9.1
2025-06-27,0.0,32.2,34.2,19.7,5.4,0.03,0.322,0,0,0,0,0,9.4
2025-09-25,21.19,41.9,59.8,-26.3,-34.0,0.0247,0.734,1,0,0,1,0,29.3
2025-01-27,0.0,12.4,21.6,15.1,7.0,0.0997,0.614,0,0,0,0,0,10.9
2025-11-15,4.22,28.8,29.6,7.0,2.5,0.0547,0.453,0,0,0,0,0,11.4
2025-02-14,15.73,44.7,45.9,20.6,0.8,0.1303,0.848,0,0,0,0,0,22.1
2025-03-24,6.66,13.7,23.4,20.1,14.8,0.0373,0.309,0,0,0,0,0,8.2
2025-01-26,32.83,45.5,62.1,16.0,-2.3,0.0409,0.289,1,0,0,1,0,29.1
2025-05-01,27.94,30.5,39.3,7.9,-0.5,0.0634,0.48,1,0,0,1,0,27.1
2025-04-16,6.95,23.0,27.7,19.8,18.1,0.0024,0.726,0,0,0,0,0,12.0
2025-11-28,34.27,58.2,64.6,-11.9,-17.5,0.036,0.752,1,1,0,1,0,39.8
2025-06-23,24.67,63.7,81.5,13.2,-7.2,0.0342,0.962,1,1,1,1,0,46.5
2025-02-25,36.54,31.7,56.0,2.1,-7.5,0.0444,0.442,1,0,0,1,0,29.4
2025-08-07,24.2,47.4,78.0,-5.2,-22.3,0.0055,0.591,1,0,0,1,0,30.1
2025-09-10,6.98,38.3,39.5,24.6,16.6,0.0144,0.672,0,0,0,0,0,14.3
2025-12-01,58.38,70.9,79.4,-6.4,-10.1,0.0824,0.946,1,1,0,1,0,50.2
2025-08-17,0.0,41.6,48.5,0.9,-1.4,0.0328,0.763,0,0,0,1,0,20.4
2025-05-24,35.6,61.1,75.5,-2.3,-10.4,0.0634,0.413,1,1,0,1,0,39.2
2025-08-06,1.68,48.0,58.4,-15.0,-26.6,0.0129,0.352,0,0,0,1,0,18.1
2025-04-09,0.0,24.6,25.1,26.7,21.7,0.0243,0.743,0,0,0,0,0,11.3
2025-01-05,0.0,13.6,16.4,23.4,16.0,0.0206,0.912,0,0,0,0,0,10.8
2025-05-16,4.21,14.8,31.9,17.1,15.9,0.0516,0.61,0,0,0,0,0,11.3
2025-05-12,40.19,28.3,34.4,-6.7,-19.0,0.0395,0.503,1,0,0,1,0,28.5
2025-05-06,0.0,30.2,36.6,31.3,19.5,0.0157,0.385,0,0,0,0,0,9.5
2025-06-07,10.95,12.7,12.9,25.8,21.0,0.0295,0.333,0,0,0,0,0,8.2
2025-12-02,21.58,36.6,43.8,26.7,13.0,0.031,0.472,1,0,0,0,0,20.5
2025-05-17,34.89,30.6,50.9,-4.2,-15.3,0.0459,0.781,1,0,0,1,0,31.4
2025-03-19,1.41,30.6,34.7,6.1,2.1,0.0507,0.608,0,0,0,0,0,12.6
2025-08-06,2.71,27.7,37.8,22.1,19.0,0.119,0.459,0,0,0,0,0,13.5
2025-12-31,7.11,74.0,99.4,3.7,-21.2,0.0319,0.331,0,1,1,1,0,35.8
2025-07-23,11.14,27.7,44.2,19.1,18.5,0.0569,0.581,0,0,0,0,0,14.9
2025-06-07,37.08,75.6,92.5,-16.9,-32.9,0.0145,0.553,1,1,1,1,0,47.2
2025-05-31,1.07,21.0,47.2,34.2,31.5,0.0185,0.445,0,0,0,0,0,10.1
2025-05-10,11.38,53.9,66.0,3.0,-10.4,0.0192,0.684,0,1,0,1,0,29.5
2025-11-23,11.53,37.8,51.5,18.3,12.7,0.0498,0.401,0,0,0,0,0,14.9
2025-03-09,10.19,69.7,77.0,16.3,5.4,0.0107,0.724,0,1,0,0,0,26.5
2025-03-29,0.34,31.0,44.6,16.7,7.4,0.0371,0.969,0,0,0,0,0,15.7
2025-10-11,5.13,14.1,15.5,-5.0,-8.7,0.0369,0.78,0,0,0,1,0,16.4
2025-02-28,9.76,6.2,17.5,32.9,26.9,0.05,0.626,0,0,0,0,0,10.6
2025-04-25,0.0,43.7,47.0,5.7,3.2,0.0298,0.652,0,0,0,0,0,14.3
2025-12-29,64.3,79.3,89.8,16.9,14.9,0.026,0.574,1,1,1,0,0,48.3
2025-05-27,16.67,52.7,58.3,-10.3,-17.0,0.0182,0.583,0,1,0,1,0,29.0
2025-07-02,6.15,17.1,20.6,5.1,-0.4,0.0429,0.599,0,0,0,1,0,16.0
2025-12-14,9.94,18.0,39.6,2.2,-12.0,0.0931,0.882,0,0,0,1,0,22.1
2025-10-07,5.1,17.3,27.8,21.4,11.2,0.0391,0.685,0,0,0,0,0,11.7
2025-02-28,5.1,32.0,32.7,12.1,-1.9,0.0624,0.892,0,0,0,1,0,21.2
2025-02-03,0.0,17.0,33.5,18.0,7.7,0.0546,0.729,0,0,0,0,0,11.9
2025-01-29,7.44,4.2,9.8,22.9,13.5,0.0277,0.617,0,0,0,0,0,8.7
2025-02-24,0.0,12.9,14.3,19.2,10.0,0.0214,0.422,0,0,0,0,0,6.5
2025-01-03,12.82,4.8,4.9,21.8,7.6,0.0262,0.599,0,0,0,0,0,9.3
2025-04-06,0.27,2.8,11.8,26.7,14.5,0.0877,0.382,0,0,0,0,0,6.9
2025-03-28,19.12,21.2,32.5,9.6,2.6,0.0495,0.434,0,0,0,0,0,13.6
2025-01-21,1.88,20.4,29.6,24.5,17.1,0.0391,0.445,0,0,0,0,0,9.5
2025-06-22,36.45,45.9,80.1,-7.3,-19.8,0.0907,0.285,1,0,1,1,0,37.8
2025-01-09,5.86,25.9,26.8,41.3,36.8,0.037,0.699,0,0,0,0,1,15.9
2025-10-09,51.19,43.1,54.1,5.1,-2.7,0.0437,0.665,1,0,0,1,0,35.3
2025-03-04,8.29,22.7,29.4,4.6,2.7,0.0293,0.71,0,0,0,0,0,13.0
2025-04-18,11.98,21.0,37.1,33.0,22.8,0.0081,0.562,0,0,0,0,0,12.3
2025-12-03,22.79,36.0,48.1,10.4,5.7,0.0493,0.717,1,0,0,0,0,23.6
2025-09-15,7.23,21.1,23.4,21.9,17.8,0.0271,0.681,0,0,0,0,0,11.9
2025-02-28,29.13,37.3,40.8,1.9,-6.4,0.1212,0.665,1,0,0,1,0,31.4
2025-12-12,10.81,17.3,26.6,27.3,17.5,0.0469,0.818,0,0,0,0,0,14.2
2025-08-30,11.53,56.7,74.0,7.9,-14.5,0.0538,0.697,0,1,0,1,0,31.5
2025-10-24,22.2,27.2,43.1,-25.7,-48.8,0.0161,0.303,1,0,0,1,0,23.0
2025-09-30,13.86,13.7,28.7,9.2,-2.2,0.0204,0.538,0,0,0,1,0,16.7
2025-09-09,10.41,52.6,68.4,32.5,26.8,0.0331,0.671,0,1,0,0,0,24.4
2025-05-19,6.51,18.9,34.6,27.0,25.4,0.0273,0.468,0,0,0,0,0,10.5
2025-11-04,24.09,37.1,43.7,-16.1,-24.9,0.0808,0.709,1,0,0,1,0,29.7
2025-03-09,16.61,57.9,73.8,22.3,18.8,0.0396,0.544,0,1,0,0,0,25.8
2025-10-12,6.63,5.0,9.2,12.5,9.7,0.0591,0.727,0,0,0,0,0,10.4
2025-07-15,21.26,10.9,18.7,10.4,2.1,0.0293,0.565,1,0,0,0,0,16.7
2025-10-20,27.2,41.5,52.0,18.9,7.7,0.0407,0.776,1,0,0,0,0,25.6
2025-02-07,8.21,23.1,36.1,25.0,14.6,0.0576,0.97,0,0,0,0,0,16.5
2025-04-25,6.87,32.8,40.4,20.6,17.2,0.0329,0.248,0,0,0,0,0,10.8
2025-12-26,0.0,0.0,5.6,12.0,0.8,0.0282,0.815,0,0,0,0,0,8.0
2025-07-16,0.23,29.1,50.6,12.9,3.9,0.0293,0.731,0,0,0,0,0,13.7
2025-07-23,10.07,37.4,62.3,13.4,2.1,0.0442,0.402,0,0,0,0,0,15.2
2025-10-09,20.61,16.0,24.7,42.5,39.2,0.0905,0.563,1,0,0,0,1,22.4
2025-07-07,24.45,59.4,80.2,-2.6,-10.5,0.0414,0.588,1,1,1,1,0,43.0
2025-07-28,17.52,10.4,30.6,16.0,6.1,0.1487,0.736,0,0,0,0,0,17.4
2025-07-06,22.48,53.4,82.8,6.5,3.3,0.1373,0.613,1,1,1,0,0,40.0
2025-02-04,45.03,68.2,82.4,-8.1,-8.2,0.0358,0.972,1,1,1,1,0,51.4
2025-05-19,2.24,25.0,31.5,14.9,11.1,0.0428,0.882,0,0,0,0,0,14.0
2025-12-18,1.61,33.4,36.1,23.0,16.7,0.0453,0.554,0,0,0,0,0,12.4
2025-02-25,2.54,15.2,24.0,13.7,5.8,0.0328,0.666,0,0,0,0,0,10.4
2025-08-30,33.18,53.6,72.1,-0.7,-15.0,0.0661,0.507,1,1,0,1,0,38.5
2025-07-09,7.12,15.3,26.3,24.0,20.2,0.0238,0.616,0,0,0,0,0,10.8
2025-06-07,10.96,22.2,32.2,17.1,9.5,0.0257,0.803,0,0,0,0,0,14.4
2025-05-17,13.47,46.3,66.8,6.9,-1.1,0.0312,0.583,0,0,0,1,0,23.5
2025-05-03,61.14,58.0,78.3,-7.9,-9.7,0.0457,0.172,1,1,0,1,0,41.8
2025-05-13,26.07,61.0,79.0,-4.1,-16.6,0.067,0.44,1,1,0,1,0,37.8
2025-04-17,0.0,23.1,39.5,14.3,8.3,0.0609,0.382,0,0,0,0,0,10.2
2025-08-25,69.88,65.4,87.0,-7.4,-25.9,0.0098,0.833,1,1,1,1,0,54.7
2025-02-17,29.7,46.7,59.4,14.3,-0.3,0.0249,0.744,1,0,0,1,0,31.7
2025-04-14,13.5,12.5,35.6,1.1,-5.3,0.0464,0.683,0,0,0,1,0,19.0
2025-05-02,3.64,44.0,50.4,0.4,-9.8,0.0324,0.556,0,0,0,1,0,19.8
2025-02-11,5.84,21.8,24.7,10.1,7.7,0.0499,0.447,0,0,0,0,0,10.5
2025-02-28,25.73,40.5,61.5,-0.1,-8.3,0.0115,0.447,1,0,0,1,0,27.5
2025-04-08,1.39,8.3,20.2,6.7,4.5,0.0861,0.447,0,0,0,0,0,8.9
2025-07-11,15.77,46.1,69.6,7.6,-6.4,0.0507,0.662,0,0,0,1,0,25.4
2025-01-13,43.53,41.0,63.5,-13.6,-21.2,0.0449,0.766,1,0,0,1,0,35.0
2025-07-02,4.91,30.6,35.8,5.0,4.9,0.0193,0.74,0,0,0,0,0,13.6
2025-09-22,10.03,22.8,37.4,-3.4,-5.4,0.0302,0.843,0,0,0,1,0,20.3
2025-11-27,0.0,38.3,51.7,14.1,10.1,0.0381,0.477,0,0,0,0,0,12.8
2025-04-11,13.96,51.9,68.5,8.2,-5.5,0.0826,0.618,0,1,0,1,0,31.3
2025-04-14,2.76,25.8,34.2,7.0,4.9,0.0545,0.693,0,0,0,0,0,13.1
2025-06-27,10.5,23.7,25.6,18.7,13.1,0.0429,0.702,0,0,0,0,0,13.6
2025-06-21,18.48,43.4,56.4,1.0,-14.9,0.0626,0.343,0,0,0,1,0,22.4
2025-03-28,16.24,34.2,42.7,31.8,27.1,0.0162,0.874,0,0,0,0,0,17.8
2025-01-27,9.47,4.8,13.2,31.5,20.9,0.0601,0.563,0,0,0,0,0,9.9
2025-07-21,9.88,52.1,54.8,2.5,-1.4,0.0257,0.917,0,1,0,1,0,30.3
2025-03-20,5.42,1.5,6.7,16.8,10.7,0.1112,0.821,0,0,0,0,0,11.9
2025-11-26,5.75,24.8,46.9,20.9,16.4,0.0172,0.606,0,0,0,0,0,12.8
2025-07-12,27.97,69.5,81.6,-14.8,-25.6,0.0252,0.319,1,1,1,1,0,42.2
2025-07-02,5.8,11.9,17.9,-1.8,-4.7,0.1195,0.728,0,0,0,1,0,18.5
2025-04-22,4.25,6.4,15.4,28.6,14.6,0.0176,0.408,0,0,0,0,0,6.6
2025-05-16,1.53,25.8,28.5,18.8,8.6,0.0311,0.865,0,0,0,0,0,13.2
2025-03-02,10.16,26.9,36.7,10.8,-0.8,0.0437,0.749,0,0,0,1,0,20.3
2025-01-16,2.59,19.0,25.3,10.5,4.0,0.1006,0.708,0,0,0,0,0,13.2
2025-12-17,3.18,32.1,34.8,22.4,19.3,0.0304,0.676,0,0,0,0,0,13.1
2025-02-11,2.17,16.7,27.7,22.6,20.3,0.0297,0.736,0,0,0,0,0,11.2
2025-10-24,13.92,44.4,53.8,-5.0,-15.8,0.058,0.838,0,0,0,1,0,25.3
2025-05-07,5.74,47.0,71.4,22.5,16.0,0.0303,0.636,0,0,0,0,0,17.5
2025-08-31,3.9,5.8,7.5,11.7,5.0,0.0267,0.545,0,0,0,0,0,7.3
2025-06-28,19.26,47.9,65.1,-7.3,-7.8,0.0543,0.708,0,0,0,1,0,26.4
2025-08-26,43.3,72.4,82.7,-4.3,-27.4,0.0463,0.769,1,1,1,1,0,50.1
2025-09-19,10.05,32.4,46.9,36.6,33.5,0.0344,0.818,0,0,0,0,1,19.8
2025-06-20,4.99,27.0,33.9,24.2,5.4,0.0703,0.767,0,0,0,0,0,14.8
2025-01-24,15.33,2.2,15.9,31.8,24.9,0.0154,0.875,0,0,0,0,0,12.3
2025-01-08,45.86,69.2,90.4,6.9,-7.3,0.033,0.566,1,1,1,1,0,48.8
2025-03-22,2.02,23.8,33.0,9.6,2.5,0.1156,0.774,0,0,0,0,0,15.1
2025-08-05,0.0,26.2,28.2,18.1,6.5,0.0366,0.634,0,0,0,0,0,11.1
2025-02-28,12.42,18.1,33.3,22.2,14.8,0.0246,0.59,0,0,0,0,0,12.5
2025-10-12,36.72,62.3,67.6,4.0,-8.9,0.1179,0.55,1,1,0,1,0,41.7
2025-03-22,18.18,36.8,58.0,11.2,-14.6,0.0758,0.659,0,0,0,1,0,24.8
2025-12-13,1.15,30.8,32.0,31.3,24.2,0.0142,0.451,0,0,0,0,0,10.0
2025-09-08,27.18,37.6,51.0,25.5,18.7,0.0385,0.803,1,0,0,0,0,25.3
2025-12-22,22.07,56.9,66.1,16.9,-2.0,0.1464,0.752,1,1,0,1,0,40.5
2025-05-15,8.4,14.9,18.0,37.0,30.8,0.0419,0.793,0,0,0,0,1,15.6
2025-07-02,36.39,67.3,108.1,19.5,0.7,0.0595,0.346,1,1,1,0,0,41.7
2025-01-18,9.34,15.8,18.2,0.8,-11.4,0.0324,0.839,0,0,0,1,0,18.1
2025-11-14,44.65,41.0,59.2,7.7,-10.9,0.0519,0.754,1,0,0,1,0,35.1
2025-07-15,29.0,48.0,58.0,-3.5,-8.9,0.0303,0.491,1,0,0,1,0,29.6
2025-04-04,14.37,16.3,18.2,10.4,1.9,0.0521,0.373,0,0,0,0,0,10.6
2025-10-04,0.0,34.4,37.6,40.8,38.0,0.0554,0.518,0,0,0,0,1,15.4
2025-05-10,7.37,13.8,21.1,12.2,5.1,0.0519,0.452,0,0,0,0,0,9.8
2025-04-11,30.99,81.7,93.7,4.8,-8.0,0.01,0.62,1,1,1,1,0,47.1
2025-12-24,5.66,27.4,35.1,35.6,29.2,0.0262,0.663,0,0,0,0,1,16.0
2025-03-06,7.6,11.6,12.2,12.3,4.3,0.0525,0.685,0,0,0,0,0,10.9
2025-05-17,11.02,25.9,28.0,18.4,7.1,0.0419,0.646,0,0,0,0,0,13.6
2025-11-17,21.0,60.1,66.1,24.5,15.3,0.0655,0.704,1,1,0,0,0,32.6
2025-08-11,0.0,30.8,38.1,22.3,11.2,0.0319,0.574,0,0,0,0,0,11.7
2025-01-08,8.83,18.7,32.0,-6.2,-14.1,0.0487,0.458,0,0,0,1,0,16.6
2025-12-16,18.29,53.4,63.4,-14.6,-29.6,0.0271,0.404,0,1,0,1,0,28.6
2025-10-30,10.97,28.6,29.3,29.8,22.8,0.0602,0.72,0,0,0,0,0,15.2
2025-07-29,66.82,84.5,101.8,-25.0,-39.5,0.0866,0.758,1,1,1,1,0,58.8
2025-10-26,4.23,3.6,6.6,29.2,25.2,0.0345,0.677,0,0,0,0,0,8.4
2025-04-23,23.74,62.0,83.9,-22.0,-44.1,0.0309,0.889,1,1,1,1,0,45.6
2025-02-18,0.83,26.9,28.5,27.6,23.9,0.0407,0.538,0,0,0,0,0,10.7
2025-12-23,16.14,11.1,11.7,18.0,12.7,0.0403,0.498,0,0,0,0,0,10.7
2025-06-06,1.77,11.9,19.5,9.7,8.6,0.0829,0.374,0,0,0,0,0,8.6
2025-01-19,0.0,20.3,40.6,11.7,2.6,0.0361,0.503,0,0,0,0,0,10.3
2025-06-27,7.43,7.7,15.3,19.7,17.5,0.054,0.394,0,0,0,0,0,8.3
2025-06-23,14.39,30.1,32.0,10.8,0.0,0.0547,0.404,0,0,0,0,0,13.4
2025-02-08,49.01,49.8,61.4,-18.0,-18.7,0.0452,0.597,1,0,0,1,0,35.5
2025-08-17,11.41,38.0,44.5,2.7,-8.5,0.0231,0.661,0,0,0,1,0,21.0
2025-09-16,20.57,19.7,24.6,28.8,8.0,0.0198,0.164,1,0,0,0,0,14.2
2025-08-10,0.0,1.7,19.2,20.9,9.1,0.0249,0.694,0,0,0,0,0,8.1
2025-05-14,0.0,27.9,37.7,22.3,16.2,0.0921,0.415,0,0,0,0,0,11.8
2025-01-30,8.39,6.9,14.9,18.9,13.9,0.1392,0.769,0,0,0,0,0,14.0
2025-11-08,22.57,38.4,58.2,-6.2,-13.7,0.0128,0.39,1,0,0,1,0,25.9
2025-09-20,4.17,22.9,34.5,9.6,4.0,0.1135,0.484,0,0,0,0,0,13.1
2025-01-01,15.07,52.6,53.1,12.7,3.1,0.108,0.903,0,1,0,0,0,28.4
2025-05-26,3.42,22.6,30.6,11.1,-0.6,0.0239,0.678,0,0,0,1,0,16.8
2025-03-04,0.0,37.5,61.1,-7.3,-18.4,0.0062,0.268,0,0,0,1,0,16.0
2025-12-14,1.96,20.0,23.4,8.4,0.6,0.0348,0.582,0,0,0,0,0,10.1
2025-03-26,0.0,28.1,46.6,26.5,23.0,0.0105,0.855,0,0,0,0,0,13.8
2025-03-30,3.88,24.3,38.1,8.9,2.1,0.0364,0.392,0,0,0,0,0,10.4
2025-06-08,44.05,59.7,95.0,0.3,-13.5,0.0209,0.29,1,1,1,1,0,45.1
2025-03-19,11.57,70.8,101.5,-5.8,-26.8,0.0546,0.851,0,1,1,1,0,41.5
2025-08-24,11.62,59.6,60.5,-7.1,-19.4,0.0078,0.5,0,1,0,1,0,27.9
2025-06-11,14.04,29.3,56.4,1.9,-4.6,0.0236,0.871,0,0,0,1,0,23.3
2025-05-15,19.41,54.8,73.7,-1.3,-4.4,0.0773,0.791,0,1,0,1,0,34.4
2025-12-02,7.84,5.7,25.1,31.1,20.1,0.0507,0.685,0,0,0,0,0,11.3
2025-05-01,12.31,18.0,27.5,32.1,20.9,0.1318,0.495,0,0,0,0,0,14.4
2025-10-12,24.77,31.2,49.3,21.9,12.4,0.0403,0.794,1,0,0,0,0,24.0
2025-07-09,0.0,12.2,22.9,14.6,10.3,0.037,0.468,0,0,0,0,0,7.9
2025-11-20,9.89,20.7,31.7,20.1,11.8,0.0239,0.919,0,0,0,0,0,14.9
2025-02-20,7.24,35.4,36.0,18.6,18.0,0.0444,0.843,0,0,0,0,0,16.1
2025-11-09,67.48,88.0,113.1,-3.9,-6.2,0.0421,0.359,1,1,1,1,0,55.5
2025-03-19,4.02,32.7,45.0,24.6,20.0,0.0139,0.533,0,0,0,0,0,12.4
2025-11-15,0.11,13.2,14.6,23.4,15.0,0.049,0.955,0,0,0,0,0,11.9
2025-07-30,41.1,64.0,84.4,0.9,-17.2,0.0214,0.753,1,1,1,1,0,48.1
2025-12-17,29.25,52.0,70.0,26.1,18.8,0.0251,0.721,1,1,0,0,0,32.7
2025-08-15,8.5,9.2,15.5,20.5,13.0,0.0291,0.387,0,0,0,0,0,7.9
2025-08-30,0.0,16.8,20.2,27.4,21.6,0.0396,0.687,0,0,0,0,0,10.1
2025-06-29,0.0,32.0,42.0,18.3,15.0,0.0705,0.744,0,0,0,0,0,14.6
2025-11-30,29.79,69.3,89.8,-18.8,-27.6,0.03,0.816,1,1,1,1,0,47.4
2025-10-11,34.08,60.4,77.8,10.7,-2.8,0.0241,0.366,1,1,0,1,0,37.4
2025-05-11,41.73,53.1,79.7,6.8,-8.3,0.0388,0.601,1,1,0,1,0,40.8
2025-04-26,6.08,17.8,27.3,-2.0,-13.5,0.029,0.736,0,0,0,1,0,17.3
2025-05-07,17.29,25.6,25.9,11.6,0.4,0.0273,0.783,0,0,0,0,0,15.5
2025-04-18,3.81,24.9,50.6,3.1,0.8,0.0501,0.14,0,0,0,0,0,9.7
2025-06-24,0.0,32.5,48.1,12.5,5.5,0.0537,0.623,0,0,0,0,0,13.6
2025-01-18,0.0,27.8,38.2,6.2,0.2,0.015,0.888,0,0,0,0,0,13.5
2025-07-29,9.55,50.5,70.3,-5.0,-6.6,0.0573,0.638,0,1,0,1,0,29.8
2025-05-21,13.1,18.1,21.7,23.8,16.1,0.0322,0.824,0,0,0,0,0,14.0
2025-02-08,6.01,31.7,41.5,10.7,1.7,0.0911,0.864,0,0,0,0,0,17.4
2025-08-17,28.58,76.9,91.6,-10.5,-26.9,0.0427,0.177,1,1,1,1,0,43.1
2025-04-18,8.25,13.3,31.1,21.9,12.8,0.0456,0.69,0,0,0,0,0,12.4
2025-09-15,0.0,40.1,41.3,6.7,-5.2,0.0114,0.155,0,0,0,1,0,14.0
2025-03-02,0.0,31.2,36.4,15.5,6.9,0.0206,0.329,0,0,0,0,0,9.2
2025-01-10,0.0,12.8,16.8,11.3,11.2,0.0241,0.31,0,0,0,0,0,5.8
2025-07-26,20.26,59.5,62.9,-13.1,-27.0,0.057,0.656,1,1,0,1,0,36.7
2025-02-13,0.0,19.5,31.0,15.1,6.1,0.0148,0.492,0,0,0,0,0,8.8
2025-03-13,11.1,39.4,61.5,-16.0,-22.6,0.0468,0.714,0,0,0,1,0,23.4
2025-04-05,21.0,45.8,69.5,-9.6,-17.9,0.0158,0.645,1,0,0,1,0,29.4
2025-09-07,0.0,32.1,41.3,26.1,19.8,0.0575,0.71,0,0,0,0,0,13.9
2025-10-24,8.86,32.0,34.4,8.8,0.6,0.0481,0.533,0,0,0,0,0,13.5
2025-04-13,49.12,64.8,84.4,-23.2,-35.7,0.0492,0.623,1,1,1,1,0,49.6
2025-10-09,21.93,32.2,41.2,5.3,-10.4,0.0294,0.486,1,0,0,1,0,25.2
2025-02-25,25.85,61.6,74.3,-8.8,-19.2,0.0173,0.918,1,1,0,1,0,40.0
2025-05-03,12.58,16.7,21.2,-9.3,-13.6,0.0736,0.503,0,0,0,1,0,17.5
2025-01-25,0.0,25.8,44.4,21.8,10.7,0.0292,0.761,0,0,0,0,0,13.1
2025-09-20,7.86,19.7,25.9,27.6,17.0,0.0352,0.669,0,0,0,0,0,12.2
2025-12-12,4.08,32.9,48.0,26.4,26.3,0.008,0.918,0,0,0,0,0,15.7
2025-08-26,5.13,25.3,28.1,34.7,22.3,0.022,0.797,0,0,0,0,0,13.0
2025-04-16,41.38,37.4,48.8,-9.8,-21.4,0.0389,0.761,1,0,0,1,0,32.9
2025-06-10,7.59,19.3,33.2,19.0,6.9,0.0687,0.803,0,0,0,0,0,14.7
2025-05-30,26.31,64.3,67.0,-11.3,-19.4,0.0204,0.492,1,1,0,1,0,36.3
2025-06-11,7.86,24.5,31.8,17.3,14.3,0.1151,0.713,0,0,0,0,0,15.8
2025-07-19,12.55,25.1,37.4,24.8,15.6,0.1037,0.684,0,0,0,0,0,16.7
2025-01-03,2.13,7.9,12.9,24.4,23.1,0.0155,0.344,0,0,0,0,0,5.5
2025-02-16,2.11,20.1,25.2,7.7,2.0,0.0486,0.524,0,0,0,0,0,10.2
2025-03-09,15.21,9.4,19.2,12.2,3.1,0.0365,0.946,0,0,0,0,0,14.5
2025-11-26,0.13,14.1,18.0,5.5,2.1,0.0404,0.834,0,0,0,0,0,10.9
2025-09-19,6.01,3.6,7.5,5.6,-9.1,0.0762,0.721,0,0,0,1,0,15.6
2025-06-24,0.0,56.0,73.3,-5.6,-10.5,0.0277,0.555,0,1,0,1,0,27.0
2025-06-02,25.85,88.4,100.6,-3.5,-15.9,0.0493,0.744,1,1,1,1,0,49.4
2025-10-03,8.66,0.0,10.6,31.6,22.3,0.0263,0.676,0,0,0,0,0,9.0
2025-04-30,10.97,21.3,31.1,18.6,10.5,0.0388,0.808,0,0,0,0,0,14.6
2025-05-14,36.85,31.3,54.1,3.0,-7.2,0.0333,0.652,1,0,0,1,0,30.7
2025-02-09,22.51,40.9,46.9,28.2,24.9,0.0971,0.557,1,0,0,0,0,24.0
2025-02-03,12.19,38.5,40.0,25.6,19.1,0.0631,0.708,0,0,0,0,0,17.2
2025-10-13,15.54,55.2,66.2,3.5,-4.5,0.0331,0.209,0,1,0,1,0,26.9
2025-06-15,0.0,7.4,11.9,7.0,-3.5,0.0312,0.334,0,0,0,1,0,10.5
2025-11-18,0.0,22.8,31.6,13.9,3.5,0.1031,0.288,0,0,0,0,0,10.1
2025-10-10,21.92,69.7,76.5,-6.6,-21.5,0.0368,0.406,1,1,0,1,0,36.4
2025-12-25,14.21,48.8,63.6,27.9,16.5,0.0457,0.326,0,0,0,0,0,16.7
2025-07-08,15.84,46.3,53.4,-8.5,-16.4,0.0377,0.674,0,0,0,1,0,23.9
2025-06-14,9.41,33.4,37.8,2.7,-2.6,0.0439,0.741,0,0,0,1,0,20.9
2025-04-15,26.23,31.5,40.2,5.0,-1.9,0.0891,0.798,1,0,0,1,0,30.3
2025-09-28,2.53,6.1,23.8,25.1,20.7,0.0386,0.313,0,0,0,0,0,6.6
2025-10-14,20.93,36.8,59.7,7.2,-11.9,0.0132,0.755,1,0,0,1,0,28.6
2025-12-31,10.77,19.6,33.7,20.2,16.9,0.0721,0.429,0,0,0,0,0,12.4
2025-07-07,11.36,6.0,15.4,30.6,14.8,0.0306,0.323,0,0,0,0,0,7.7
2025-10-22,16.36,20.6,29.4,9.5,-0.8,0.0703,0.803,0,0,0,1,0,21.6
2025-02-06,66.02,63.0,97.6,-3.8,-29.1,0.0434,0.584,1,1,1,1,0,53.4
2025-11-13,2.96,15.8,23.2,5.6,-0.0,0.1548,0.582,0,0,0,1,0,18.5
2025-03-07,0.0,17.1,18.0,26.3,16.1,0.0646,0.921,0,0,0,0,0,12.6
2025-10-24,0.0,17.3,18.3,28.0,22.8,0.0078,0.539,0,0,0,0,0,7.9
2025-03-11,12.51,22.6,40.9,35.8,28.5,0.0909,0.403,0,0,0,0,1,17.1
2025-12-04,33.97,56.9,75.3,32.9,17.1,0.0548,0.815,1,1,0,0,0,36.3
2025-02-01,0.0,30.3,37.7,8.3,1.9,0.043,0.638,0,0,0,0,0,12.5
2025-01-16,0.0,24.5,35.2,21.3,20.4,0.0422,0.763,0,0,0,0,0,12.7
2025-11-04,7.47,5.6,11.1,23.6,7.7,0.0429,0.634,0,0,0,0,0,9.5
2025-08-09,13.35,38.0,47.2,9.6,2.5,0.0477,0.744,0,0,0,0,0,17.8
2025-02-09,4.02,30.1,44.5,32.5,27.5,0.0512,0.519,0,0,0,0,0,13.0
2025-12-20,32.84,47.5,61.0,-11.3,-17.5,0.0393,0.748,1,0,0,1,0,33.0
2025-01-03,15.46,42.0,49.2,26.9,25.9,0.0085,0.345,0,0,0,0,0,14.3
2025-08-07,0.0,37.4,41.3,17.2,14.2,0.0297,0.637,0,0,0,0,0,13.1
2025-01-28,45.16,64.6,100.9,-5.9,-10.6,0.0,0.686,1,1,1,1,0,49.0
2025-09-30,17.54,68.3,85.4,-13.4,-27.6,0.0273,0.523,0,1,1,1,0,37.8
2025-10-31,13.35,41.4,46.7,27.4,14.5,0.0259,0.654,0,0,0,0,0,16.7
2025-09-15,2.54,1.8,14.2,15.4,7.6,0.0502,0.929,0,0,0,0,0,11.0
2025-07-10,0.96,40.5,52.1,16.1,0.4,0.0276,0.248,0,0,0,0,0,11.1
2025-10-25,33.84,43.5,53.4,6.5,-10.0,0.0963,0.543,1,0,0,1,0,32.2
2025-01-31,0.0,15.4,27.1,9.1,0.1,0.0554,0.79,0,0,0,0,0,11.8
2025-09-06,0.79,7.7,14.2,17.5,10.5,0.0442,0.45,0,0,0,0,0,7.0
2025-05-04,5.02,19.0,19.3,15.9,3.2,0.053,0.62,0,0,0,0,0,11.1
2025-05-09,7.39,58.0,70.8,12.9,7.6,0.0504,0.669,0,1,0,0,0,25.0
2025-05-01,0.0,6.9,11.0,9.3,-2.8,0.0242,0.785,0,0,0,1,0,14.0
2025-07-06,6.74,25.2,34.2,22.1,12.4,0.0411,0.394,0,0,0,0,0,11.0
2025-11-20,0.0,32.0,32.9,18.1,14.3,0.0444,0.928,0,0,0,0,0,14.8
2025-11-19,9.08,13.8,33.8,22.6,9.9,0.026,0.333,0,0,0,0,0,9.3
2025-02-14,0.32,0.0,14.8,-0.8,-11.9,0.1085,0.763,0,0,0,1,0,15.9
2025-01-01,40.96,98.2,110.6,-6.4,-12.9,0.1238,0.705,1,1,1,1,0,56.1
2025-05-27,9.96,29.8,35.9,-1.3,-10.6,0.0387,0.398,0,0,0,1,0,17.4
2025-01-13,20.47,29.9,50.9,10.7,-9.4,0.0068,0.559,1,0,0,1,0,25.3
2025-03-17,38.87,75.2,95.5,-8.6,-28.1,0.03,0.725,1,1,1,1,0,49.6
2025-04-08,1.46,14.3,15.7,24.5,18.3,0.0372,0.838,0,0,0,0,0,11.0
2025-05-26,54.57,60.9,67.0,-20.2,-24.3,0.0379,0.416,1,1,0,1,0,41.8
2025-01-10,3.08,25.4,30.4,23.5,17.3,0.0276,0.222,0,0,0,0,0,8.2
2025-01-27,21.8,47.1,61.5,8.9,8.2,0.0537,0.866,1,0,0,0,0,26.9
2025-06-15,1.95,14.1,22.7,6.4,-3.2,0.0287,0.469,0,0,0,1,0,13.5
2025-04-20,26.21,23.1,33.6,1.4,-16.5,0.025,0.742,1,0,0,1,0,26.6
2025-08-10,82.47,41.4,82.2,-14.3,-34.3,0.0489,0.612,1,0,1,1,0,48.6
2025-08-18,9.12,19.6,25.6,30.5,20.3,0.0238,0.171,0,0,0,0,0,7.9
2025-09-15,22.6,66.2,90.8,-1.9,-9.2,0.055,0.825,1,1,1,1,0,46.5
2025-11-10,35.77,70.0,83.8,9.6,-6.1,0.0119,0.621,1,1,1,1,0,46.2
2025-04-26,6.13,14.7,16.3,27.2,21.5,0.0189,0.641,0,0,0,0,0,9.9
2025-03-16,41.48,63.7,77.5,19.0,3.7,0.0383,0.696,1,1,0,0,0,37.2
2025-07-02,14.51,25.5,32.6,0.4,-4.8,0.0733,0.34,0,0,0,1,0,18.2
2025-11-27,2.26,25.3,29.7,21.0,15.6,0.0263,0.145,0,0,0,0,0,7.2
2025-12-01,10.51,20.7,37.2,26.6,20.4,0.0128,0.838,0,0,0,0,0,14.4
2025-02-16,21.88,54.5,66.4,-2.5,-17.6,0.035,0.588,1,1,0,1,0,35.6
2025-09-03,11.89,20.1,32.6,15.2,11.9,0.027,0.719,0,0,0,0,0,13.7
2025-05-24,9.05,42.0,62.2,3.9,-0.7,0.0578,0.819,0,0,0,1,0,24.5
2025-10-28,19.08,25.8,39.6,12.4,8.9,0.01,0.451,0,0,0,0,0,13.6
2025-12-31,10.29,32.1,43.6,31.0,29.2,0.0372,0.6,0,0,0,0,0,14.8
2025-05-09,24.06,54.0,73.8,21.3,19.4,0.0446,0.732,1,1,0,0,0,32.8
2025-12-18,4.25,8.6,9.7,24.1,9.4,0.0176,0.593,0,0,0,0,0,7.9
2025-11-07,2.95,27.7,30.5,27.9,21.6,0.0323,0.491,0,0,0,0,0,10.8
2025-11-01,12.37,15.9,18.7,22.6,16.5,0.0651,0.606,0,0,0,0,0,12.5
2025-10-03,33.43,88.3,92.2,1.7,-4.5,0.0412,0.592,1,1,1,1,0,48.8
2025-05-25,25.12,54.9,70.2,17.1,13.5,0.0681,0.598,1,1,0,0,0,32.4
2025-01-01,14.25,43.0,46.2,27.7,27.5,0.0425,0.866,0,0,0,0,0,19.3
2025-03-16,43.94,62.6,87.0,0.6,-16.0,0.0559,0.387,1,1,1,1,0,46.7
2025-12-10,5.02,20.3,31.0,12.0,7.5,0.0442,0.251,0,0,0,0,0,8.8
2025-06-14,15.49,39.4,46.5,-7.1,-13.6,0.0394,0.883,0,0,0,1,0,24.4
2025-11-22,22.79,52.8,72.5,7.4,3.7,0.0907,0.642,1,1,0,0,0,32.9
2025-11-02,29.53,49.5,51.6,-13.9,-27.3,0.0334,0.427,1,0,0,1,0,29.0
2025-10-07,7.57,12.5,13.9,13.1,7.6,0.1154,0.734,0,0,0,0,0,13.4
2025-09-10,11.88,24.6,35.6,17.4,14.1,0.0433,0.366,0,0,0,0,0,11.9
2025-12-03,40.61,75.7,82.1,-20.4,-21.8,0.0392,0.515,1,1,1,1,0,47.6
2025-04-14,9.99,23.2,25.6,31.9,20.5,0.0451,0.738,0,0,0,0,0,13.8
2025-12-07,10.54,27.0,38.8,17.6,10.7,0.0418,0.368,0,0,0,0,0,12.1
2025-07-20,3.72,42.7,44.5,17.2,6.9,0.0351,0.626,0,0,0,0,0,14.7
2025-01-18,0.0,14.2,24.7,12.7,6.5,0.0007,0.728,0,0,0,0,0,9.4
2025-12-13,3.92,12.6,28.4,17.9,7.2,0.0382,0.564,0,0,0,0,0,10.0
2025-09-11,0.0,10.7,17.1,12.5,4.8,0.0576,0.676,0,0,0,0,0,9.7
2025-02-02,30.92,41.2,54.4,5.1,-1.3,0.0322,0.304,1,0,0,1,0,27.5
2025-10-03,45.3,27.1,36.6,6.1,-0.1,0.0291,0.75,1,0,0,1,0,31.4
2025-01-28,5.9,16.9,26.1,9.1,4.5,0.0125,0.564,0,0,0,0,0,10.0
2025-02-15,15.02,38.1,53.8,15.2,9.5,0.0436,0.489,0,0,0,0,0,16.4
2025-11-22,20.56,74.1,74.3,24.0,23.0,0.0294,0.632,1,1,0,0,0,32.9
2025-11-04,0.03,22.7,28.9,-1.9,-11.2,0.0458,0.765,0,0,0,1,0,17.4
2025-08-23,8.22,3.9,13.0,30.5,28.8,0.0007,0.792,0,0,0,0,0,9.7
2025-08-13,21.19,72.7,82.9,15.5,-1.6,0.0641,0.667,1,1,1,1,0,45.3
2025-09-28,8.33,26.4,38.8,30.5,20.3,0.0351,0.677,0,0,0,0,0,14.0
2025-02-22,23.63,69.2,92.3,12.4,9.6,0.0436,0.761,1,1,1,0,0,41.1
2025-12-20,1.72,20.2,26.6,3.6,-5.8,0.0415,0.73,0,0,0,1,0,16.9
2025-08-14,14.05,61.8,86.5,13.0,10.5,0.0187,0.848,0,1,1,0,0,33.7
2025-01-21,28.44,61.1,71.6,-22.2,-35.1,0.0305,0.731,1,1,0,1,0,39.1
2025-03-16,22.68,64.0,88.2,-8.8,-13.0,0.0212,0.372,1,1,1,1,0,41.3
2025-07-31,10.88,12.4,13.0,22.5,15.7,0.0621,0.857,0,0,0,0,0,13.5
2025-02-09,20.64,3.9,9.9,25.8,14.7,0.0368,0.453,1,0,0,0,0,14.4
2025-05-06,6.59,29.1,47.3,30.4,16.4,0.0336,0.317,0,0,0,0,0,11.5
2025-10-08,5.42,15.5,31.2,4.2,-2.8,0.0329,0.633,0,0,0,1,0,16.5
2025-03-25,8.48,21.6,22.5,28.6,23.8,0.0785,0.568,0,0,0,0,0,12.7
2025-07-28,9.23,70.8,80.9,23.6,5.6,0.1084,0.987,0,1,1,0,0,37.0
2025-02-21,0.0,17.1,27.6,32.6,30.4,0.0218,0.919,0,0,0,0,0,12.1
2025-02-28,7.46,18.3,30.8,13.7,11.9,0.0294,0.538,0,0,0,0,0,11.0
2025-04-11,4.59,20.4,29.9,11.4,4.1,0.0305,0.409,0,0,0,0,0,9.6
2025-02-06,8.95,25.9,33.8,6.2,-2.2,0.0585,0.764,0,0,0,1,0,20.3
2025-05-19,12.23,23.5,28.4,5.8,1.9,0.0419,0.741,0,0,0,0,0,14.5
2025-07-05,15.14,3.4,10.5,12.3,7.2,0.0325,0.828,0,0,0,0,0,12.1
2025-12-18,13.03,17.8,32.5,41.2,32.3,0.0543,0.293,0,0,0,0,1,14.1
2025-05-24,0.0,25.0,31.5,16.3,2.8,0.0269,0.377,0,0,0,0,0,8.8
2025-04-03,3.66,4.8,6.9,14.2,11.6,0.0066,0.785,0,0,0,0,0,8.5
2025-11-22,34.24,85.7,107.9,9.1,2.2,0.0197,0.617,1,1,1,0,0,44.2
2025-11-04,8.71,15.0,32.1,26.5,23.1,0.1047,0.929,0,0,0,0,0,16.5
2025-10-01,34.74,38.1,68.5,11.1,1.2,0.0132,0.489,1,0,0,0,0,24.8
2025-06-14,0.0,16.6,24.5,2.2,-10.2,0.0509,0.784,0,0,0,1,0,16.7
2025-08-10,1.46,18.6,19.2,2.9,-2.8,0.0351,0.841,0,0,0,1,0,16.9
2025-03-16,7.07,22.1,33.4,12.2,2.0,0.0447,0.158,0,0,0,0,0,8.8
2025-12-10,24.71,60.4,79.0,29.0,19.5,0.0438,0.543,1,1,0,0,0,32.4
2025-09-20,0.0,23.1,41.6,19.7,7.7,0.1267,0.505,0,0,0,0,0,13.4
2025-04-24,2.65,4.1,7.8,15.8,9.4,0.0373,0.662,0,0,0,0,0,8.1
2025-04-30,8.4,26.6,40.5,16.3,12.7,0.0927,0.792,0,0,0,0,0,16.8
2025-11-25,19.42,14.2,24.8,12.2,-2.5,0.0584,0.776,0,0,0,1,0,20.7
2025-09-14,32.36,21.4,40.3,4.4,-1.3,0.0561,0.839,1,0,0,1,0,29.9
2025-01-28,8.49,10.4,29.1,10.3,-0.6,0.0872,0.497,0,0,0,1,0,16.9
2025-03-25,7.87,5.6,23.8,9.7,3.7,0.0497,0.533,0,0,0,0,0,9.9
2025-04-24,0.0,23.1,33.6,1.6,-9.7,0.0506,0.631,0,0,0,1,0,16.8
2025-11-16,17.91,35.1,55.1,26.1,15.2,0.0378,0.404,0,0,0,0,0,15.9
2025-11-03,10.02,61.5,73.4,10.0,-5.9,0.0333,0.271,0,1,0,1,0,27.5
2025-07-25,2.33,1.8,7.9,23.1,19.5,0.0541,0.449,0,0,0,0,0,6.6
2025-07-28,49.8,49.6,85.5,-21.3,-42.8,0.0296,0.623,1,0,1,1,0,42.4
2025-12-19,2.37,31.4,36.4,18.7,17.6,0.0465,0.757,0,0,0,0,0,14.1
2025-02-28,6.05,12.6,12.9,18.1,11.2,0.1148,0.634,0,0,0,0,0,12.1
2025-08-28,8.81,38.4,62.2,5.5,-3.9,0.0139,0.564,0,0,0,1,0,20.7
2025-04-01,5.6,13.6,28.6,2.6,-5.1,0.0396,0.566,0,0,0,1,0,15.8
2025-05-10,0.0,13.8,17.1,17.1,5.0,0.0701,0.417,0,0,0,0,0,8.2
2025-07-31,0.0,9.9,19.5,13.9,7.2,0.0074,0.656,0,0,0,0,0,8.1
2025-02-23,13.73,25.5,30.0,12.9,3.9,0.0677,0.457,0,0,0,0,0,13.5
2025-12-31,20.34,68.5,83.9,1.5,0.9,0.0335,0.94,1,1,1,0,0,40.9
2025-08-28,8.83,12.5,14.3,8.6,-1.2,0.0456,0.751,0,0,0,1,0,17.0
2025-03-21,9.97,17.7,33.8,22.0,17.8,0.0378,0.485,0,0,0,0,0,11.5
2025-11-23,10.12,23.9,43.7,22.7,22.6,0.0445,0.657,0,0,0,0,0,14.6
2025-07-31,40.52,62.8,81.7,-35.2,-37.0,0.0256,0.659,1,1,1,1,0,47.0
2025-01-22,1.84,7.7,17.2,-2.3,-8.8,0.0638,0.704,0,0,0,1,0,15.4
2025-05-05,19.99,69.3,93.9,13.3,-4.3,0.0467,0.883,0,1,1,1,0,42.6
2025-06-18,20.95,39.3,41.3,22.1,10.8,0.043,0.315,1,0,0,0,0,19.5
2025-01-17,10.9,19.8,22.7,9.1,1.5,0.0532,0.547,0,0,0,0,0,12.1
2025-10-16,39.98,85.6,108.1,-23.2,-32.3,0.0557,0.917,1,1,1,1,0,54.2
2025-09-07,8.75,0.0,11.6,5.7,2.4,0.0488,0.493,0,0,0,0,0,8.2
2025-05-14,22.12,40.7,55.6,0.0,-14.5,0.0653,0.623,1,0,0,1,0,29.4
2025-11-25,27.71,0.4,9.6,-2.6,-25.0,0.0871,0.715,1,0,0,1,0,24.4
2025-12-04,0.0,22.8,43.7,22.2,16.2,0.0325,0.901,0,0,0,0,0,14.0
2025-03-31,8.48,15.6,18.9,7.7,1.8,0.0978,0.639,0,0,0,0,0,12.9
2025-06-02,10.42,29.5,32.1,18.7,9.8,0.0393,0.577,0,0,0,0,0,13.5
2025-10-10,34.68,28.7,39.6,11.1,-1.3,0.0427,0.392,1,0,0,1,0,27.0
2025-10-02,9.37,19.8,25.4,18.2,11.2,0.0593,0.588,0,0,0,0,0,12.5
2025-10-18,27.72,41.8,59.4,5.6,-10.9,0.0457,0.557,1,0,0,1,0,29.8
2025-10-03,0.0,4.0,12.7,27.7,22.1,0.0416,0.209,0,0,0,0,0,4.3
2025-01-07,10.51,47.1,63.3,19.7,12.3,0.0205,0.817,0,0,0,0,0,19.1
2025-03-21,9.23,19.0,38.0,14.6,14.1,0.0167,0.809,0,0,0,0,0,13.9
2025-12-08,21.53,46.6,68.2,17.2,4.3,0.0546,0.812,1,0,0,0,0,26.8
2025-02-16,13.16,11.6,13.5,31.6,27.1,0.0355,0.592,0,0,0,0,0,10.9
2025-01-15,14.08,0.0,5.8,21.2,13.8,0.0432,0.642,0,0,0,0,0,10.0
2025-06-08,10.94,22.2,39.3,13.1,2.5,0.0623,0.436,0,0,0,0,0,12.9
2025-11-16,0.0,22.3,25.1,17.3,14.2,0.0223,0.382,0,0,0,0,0,8.0
2025-02-05,6.07,21.3,27.4,-3.2,-15.6,0.0926,0.816,0,0,0,1,0,20.2
2025-04-10,5.78,9.8,14.7,24.9,18.8,0.0351,0.938,0,0,0,0,0,12.1
2025-07-27,5.98,0.1,7.9,31.3,23.5,0.0684,0.846,0,0,0,0,0,10.9
2025-11-27,19.64,40.2,62.3,-10.8,-30.7,0.0436,0.718,0,0,0,1,0,25.3
2025-07-22,8.22,19.3,31.6,24.3,18.5,0.0565,0.5,0,0,0,0,0,11.8
2025-08-13,4.36,39.8,54.3,32.4,20.6,0.0346,0.383,0,0,0,0,0,13.2
2025-12-25,9.01,23.6,30.2,17.0,7.9,0.0653,0.84,0,0,0,0,0,15.4
2025-08-22,1.89,1.2,7.2,5.1,-4.1,0.0192,0.539,0,0,0,1,0,11.3
2025-10-10,20.9,87.1,100.6,-9.5,-15.4,0.0277,0.727,1,1,1,1,0,47.4
2025-07-27,3.03,42.4,62.9,9.4,-3.2,0.0223,0.495,0,0,0,1,0,19.6
2025-10-05,8.49,6.2,15.4,0.1,-13.7,0.0607,0.114,0,0,0,1,0,11.5
2025-05-31,15.22,54.7,70.8,22.3,17.9,0.0272,0.252,0,1,0,0,0,22.1
2025-10-17,7.52,69.2,90.9,-23.2,-31.5,0.0292,0.423,0,1,1,1,0,35.4
2025-10-29,6.76,28.2,35.2,34.5,32.5,0.0279,0.583,0,0,0,0,0,12.6
2025-07-04,21.92,55.8,62.9,1.4,-5.9,0.0188,0.42,1,1,0,1,0,33.6
2025-09-25,7.5,41.1,48.7,30.4,19.9,0.0788,0.943,0,0,0,0,0,19.6
2025-09-06,16.82,29.6,36.0,22.5,15.8,0.0785,0.566,0,0,0,0,0,16.2
2025-09-19,2.74,27.6,36.1,15.5,5.9,0.0463,0.819,0,0,0,0,0,14.3
